1;fr;De quelle filiale du groupe Nestlé George Clooney est-il devenu l'ambassadeur ?;Nespresso;Carte Noire;Ricoré;Jacques Vabre;Débutant;Le fameux slogan « What else  ? », associé au beau George Clooney, a aujourd'hui été souvent parodié et a fait le tour du monde.;https://fr.wikipedia.org/wiki/Nespresso
2;fr;Quelle marque de jeans mondialement connue fabrique le célèbre 501 ?;Levis;Lee Cooper;C17;Diesel;Débutant;Cette compagnie de vêtements est en effet mondialement connue, principalement pour son Blue-jeans.;https://fr.wikipedia.org/wiki/Levi_Strauss_and_Co.
3;fr;Une marque de whisky écossais extrêmement populaire se nomme « Johnnie... »;Walker;Parker;Bunker;Monster;Débutant;La gamme de whiskies se décompose en « labels » : Red, Black, Green, Gold, Blue et Swing.;https://fr.wikipedia.org/wiki/Johnnie_Walker
4;fr;Quelle marque vous invite à savourer « un café nommé désir » ?;Carte Noire;Ricoré;Nespresso;Jacques Vabre;Débutant;Ancienne marque du groupe américain Mondelez, Carte Noire appartient désormais au groupe italien Lavazza depuis février 2016.;https://fr.wikipedia.org/wiki/Carte_Noire
5;fr;Quelle marque vous garantit « le goût des choses simples » ?;Herta;Buitoni;Maggi;Purina;Débutant;Herta est une marque industrielle de produits alimentaires du groupe Nestlé dont le siège social est basé à Noisiel en France.;https://fr.wikipedia.org/wiki/Herta
6;fr;Quelle grande marque de matériel informatique a pour logo une pomme ?;Apple;IBM;Acer;Dell;Débutant;La firme est devenue célèbre avec son ordinateur personnel Apple II, sorti en 1977.;https://fr.wikipedia.org/wiki/Apple
7;fr;Quelle enseigne vous invite à rester « tous unis contre la vie chère » ?;Intermarché;Cora;Super U;Carrefour;Débutant;Fondée en 1969 sous le nom des EX Offices de distribution, l'enseigne est devenue « Intermarché » en 1972.;https://fr.wikipedia.org/wiki/Intermarché
8;fr;De quelle poudre chocolatée pourriez-vous avoir « une énorme envie » ?;Nesquik;Milka;Banania;Ovomaltine;Débutant;À l'origine, la poudre chocolatée portait le nom de Quik avant de devenir Nesquik, à l'occasion de son lancement en Europe en 1950.;https://fr.wikipedia.org/wiki/Nesquik
9;fr;« Secouez-moi, secouez-moi » a longtemps été le slogan de quelle grande marque ?;Orangina;Pepsi;Coca-Cola;Schweppes;Débutant;La célébrité de la marque vient en partie de l'originalité de sa bouteille, en forme d'orange avec une surface granulée.;https://fr.wikipedia.org/wiki/Orangina
10;fr;Quel détaillant vous invite au « pays où la vie est moins chère » ?;Conforama;Bricoman;Darty;Pixmania;Débutant;La hiérarchie est très courte chez Conforama : on ne compte que sept niveaux entre le PDG du groupe et un employé de magasin.;https://fr.wikipedia.org/wiki/Conforama
11;fr;Quelle marque spécialisée en eaux minérales a pour logo un volcan de couleur verte ?;Volvic;Evian;Henniez;Thonon;Confirmé;Depuis 1955, plus d'un milliard de litres de la marque Volvic sont vendus chaque année.;https://fr.wikipedia.org/wiki/Volvic_(eau_minérale)
12;fr;Quel assureur, cinquième gestionnaire d'actifs au monde, est « avec vous de A à Z » ?;Allianz;Generali;Axa;Aviva;Confirmé;Le groupe est diversifié entre l'assurance-dommage et l'assurance-vie et est actif en Allemagne, en France et en Italie.;https://fr.wikipedia.org/wiki/Allianz
13;fr;Quelle marque de parfum doit en partie sa célébrité à Marilyn Monroe ?;Chanel;Gucci;Lancôme;Cacharel;Confirmé;L'entreprise Chanel appartient aujourd'hui à Alain Wertheimer et Gérard Wertheimer.;https://fr.wikipedia.org/wiki/Chanel
14;fr;La Cayenne est un modèle de quelle marque automobile allemande ?;Porsche;Mercedes;Volkswagen;Audi;Confirmé;Le Porsche Cayenne, également appelée 955, est le tout premier 4x4 fabriqué par Porsche.;https://fr.wikipedia.org/wiki/Porsche_Cayenne
15;fr;La publicité de quelle marque de chocolat a été inspirée par la couleur mauve ?;Milka;Kwatta;Smarties;Treets;Confirmé;Dans les années 1990, Peter Steiner est soudain devenu populaire avec une publicité « Milka ».;https://fr.wikipedia.org/wiki/Milka
16;fr;Quelle entreprise française vous propose son « contrat de confiance » ?;Darty;Orange;Free;Virgin;Confirmé;La promesse historique de Darty fonctionne aujourd'hui sur le modèle « meilleur prix, meilleur choix, meilleur service ».;https://fr.wikipedia.org/wiki/Darty
17;fr;Quel emblème est utilisé dans toutes les stations de la marque Shell ?;Coquillage jaune;Lion rouge;Trèfle vert;Soleil bleu;Confirmé;Le groupe Shell a son quartier général établi à la fois à Londres, Fortaleza et à La Haye.;https://fr.wikipedia.org/wiki/Shell_(entreprise)
18;fr;Par quoi est représenté le logo de la marque Adidas, spécialisée dans les articles de sport ?;Trois bandes;Trois cercles;Trois carrés;Trois losanges;Confirmé;Le siège social du groupe Adidas, spécialisée dans les articles de sport, se trouve à Herzogenaurach, en Bavière.;https://fr.wikipedia.org/wiki/Adidas
19;fr;Quel animal est représenté sur les vêtements de la marque Lacoste ?;Un crocodile;Un ours;Un taureau;Un chameau;Confirmé;René Lacoste, grand champion de tennis français, était surnommé « le Crocodile ».;https://fr.wikipedia.org/wiki/René_Lacoste
20;fr;Quelle bière belge utilise comme slogan « Les hommes savent pourquoi » ?;Jupiler;Maes;Stella Artois;Gueuze;Confirmé;Dernièrement, des campagnes publicitaires Jupiler plus féminines ont été éditées.;https://fr.wikipedia.org/wiki/Jupiler
21;fr;Quel acteur a réalisé certaines publicités de la marque Orangina ?;Alain Chabat;Michel Blanc;Gérard Jugnot;Thierry Lhermitte;Expert;Le « secouement » y est mis en avant avec humour, notamment grâce aux costumes.;https://fr.wikipedia.org/wiki/Orangina
22;fr;Créée en 1971, quelle est « la plus chaude des boissons froides » ?;Gini;Nestea;Canada Dry;Schweppes;Expert;La marque Gini a été créée en 1971 par le groupe Perrier et fait actuellement partie du groupe Orangina Schweppes.;https://fr.wikipedia.org/wiki/Gini_(marque_de_boisson)
23;fr;Quelle chaîne de magasins française est un « agitateur de curiosité » ?;Fnac;Virgin;HMV;Sony;Expert;FNAC est l'une des principales enseignes de la distribution de produits culturels et de loisirs en France et en Belgique.;https://fr.wikipedia.org/wiki/Fnac
24;fr;Quelle marque de café avait pour emblème un serveur noir avec un turban ?;Négresco;Ricoré;Melita;Barista;Expert;Dans les années 1970, Edmond Jean a été contraint de vendre cette ancienne marque de café de Marseille à Jacques Vabre.;https://fr.wikipedia.org/wiki/Négresco
25;fr;Quelle marque a fabriqué les premiers mouchoirs en papier jetables ?;Kleenex;Lotus;Labell;Renova;Expert;Le côté pratique et hygiénique des mouchoirs jetables a détrôné les mouchoirs en tissu.;https://fr.wikipedia.org/wiki/Kleenex
26;fr;À quelle marque française de bière doit-on le slogan « Quatre chiffres. Une bière. » ?;1664;1789;1515;1832;Expert;La 1664 serait la bière française la plus vendue au monde et constitue la marque premium de Kronenbourg.;https://fr.wikipedia.org/wiki/1664_(bière)
27;fr;Quelle marque de surf a été inspirée, pour son logo, par une estampe japonaise ?;Quiksilver;Oxbow;Rip Curl;Rusty;Expert;Le logo de Quiksilver, inspiré d'une estampe d'Hokusai, représente une vague avec une montagne en arrière-plan.;https://fr.wikipedia.org/wiki/Quiksilver
28;fr;Quel gouverneur hollandais a donné son nom à des cigarettes blondes ?;Pieter Stuyvesant;Pieter de Graeff;Pieter Codde;Pieter De Grebber;Expert;La firme American Tobacco lance en 1960 la marque Pieter Stuyvesant dans le monde entier.;https://fr.wikipedia.org/wiki/Pieter_Stuyvesant
29;fr;Quel bouquet satellite vous propose « le meilleur du numérique » ?;Canalsat;TPS;SFR;Bouygues;Expert;Afin de s'adapter au mieux aux nouveaux réseaux numériques de communication, Canalsat se décline en une dizaine de bouquets.;https://fr.wikipedia.org/wiki/Canalsat
30;fr;Quelle compagnie aérienne « fait du ciel le plus bel endroit de la terre » ?;Air France;Air Corsica;Airbus Transport;Twin Jet;Expert;Les activités principales d'Air France sont le transport de passagers et de fret ainsi que la maintenance et l'entretien des avions.;https://fr.wikipedia.org/wiki/Air_France
1;en;Which subsidiary of the Nestlé group did George Clooney become the ambassador of ?;Nespresso;Black Card;Ricoré;Jacques Vabre;Débutant;The famous slogan « What else  ? », associated with the handsome George Clooney, has today been often parodied and has been around the world.;https://en.wikipedia.org/wiki/Nespresso
2;en;Which world famous jeans brand makes the famous 501 ?;Levis;Lee Cooper;C17;Diesel;Débutant;This clothing company is indeed world famous, mainly for its Blue jeans.;
3;en;An extremely popular brand of Scotch whiskey is called « Johnnie... »;Walker;Parker;Bunker;Monster;Débutant;The range of whiskeys is broken down into labels: Red, Black, Green, Gold, Blue and Swing.;https://en.wikipedia.org/wiki/Johnnie_Walker
4;en;Which brand invites you to enjoy « a coffee named desire » ?;Black Card;Ricoré;Nespresso;Jacques Vabre;Débutant;Former brand of the American group Mondelez, Carte Noire now belongs to the Italian group Lavazza since February 2016.;
5;en;Which brand guarantees you « a taste for simple things » ?;Herta;Buitoni;Maggi;Purina;Débutant;Herta is an industrial brand of food products of the Nestlé group whose head office is based in Noisiel, France.;https://en.wikipedia.org/wiki/Herta Foods
6;en;Which major brand of computer hardware has an apple logo ?;Apple;IBM;Acer;Dell;Débutant;The company rose to fame with its Apple II personal computer, released in 1977.;https://en.wikipedia.org/wiki/Apple Inc.
7;en;What sign invites you to remain « all united against the high cost of living » ?;Intermarché;Cora;Super U;Carrefour;Débutant;Founded in 1969 under the name of EX Distribution Offices, the brand became Intermarché in 1972.;
8;en;What chocolate powder could you be « craving » ?;Nesquik;Milka;Banania;Ovomaltine;Débutant;Originally, the chocolate powder was named Quik before becoming Nesquik when it was launched in Europe in 1950.;https://en.wikipedia.org/wiki/Nesquik
9;en;« Shake Me, Shake Me » has long been the slogan of what great brand ?;Orangina;Pepsi;Coca-Cola;Schweppes;Débutant;Part of the brand's fame comes from the originality of its orange-shaped bottle with a granulated surface.;https://en.wikipedia.org/wiki/Orangina
10;en;Which retailer invites you to « the country where life is cheaper » ?;Conforama;Bricoman;Darty;Pixmania;Débutant;The hierarchy is very short at Conforama: there are only seven levels between the CEO of the group and a store employee.;https://en.wikipedia.org/wiki/Conforama
11;en;Which brand specializing in mineral water has a green volcano as its logo ?;Volvic;Evian;Henniez;Thonon;Confirmé;Since 1955, more than a billion liters of the Volvic brand have been sold each year.;
12;en;Which insurer, the fifth largest asset manager in the world, is « with you from A to Z » ?;Allianz;Generali;Axa;Aviva;Confirmé;The group is diversified between non-life insurance and life insurance and is active in Germany, France and Italy.;https://en.wikipedia.org/wiki/Allianz
13;en;Which perfume brand owes its fame in part to Marilyn Monroe ?;Chanel;Gucci;Lancôme;Cacharel;Confirmé;The Chanel company is now owned by Alain Wertheimer and Gérard Wertheimer.;https://en.wikipedia.org/wiki/Chanel
14;en;The Cayenne is a model of which German car brand ?;Porsche;Mercedes;Volkswagen;Audi;Confirmé;The Porsche Cayenne, also called 955, was the very first 4x4 manufactured by Porsche.;https://en.wikipedia.org/wiki/Porsche_Cayenne
15;en;Which brand of chocolate advertising was inspired by the color mauve ?;Milka;Kwatta;Smarties;Treets;Confirmé;In the 1990s, Peter Steiner suddenly became popular with a Milka ad.;https://en.wikipedia.org/wiki/Milka
16;en;Which French company offers you its « contract of confidence » ?;Darty;Orange;Free;Virgin;Confirmé;Darty's historic promise today operates on the best price, best choice, best service model.;
17;en;Which emblem is used in all Shell brand stations ?;Yellow seashell;Red lion;Green clover;Blue sun;Confirmé;The Shell group has its headquarters in London, Fortaleza and The Hague.;https://en.wikipedia.org/wiki/Royal_Dutch_Shell
18;en;What is the logo of the Adidas brand, specializing in sporting goods, represented by ?;Three bands;Three circles;Three squares;Three diamonds;Confirmé;The headquarters of the Adidas Group, specializing in sporting goods, is in Herzogenaurach, Bavaria.;https://en.wikipedia.org/wiki/Adidas
19;en;What animal is represented on the clothing of the Lacoste brand ?;A crocodile;A bear;A bull;A camel;Confirmé;René Lacoste, great French tennis champion, was nicknamed the Crocodile.;
20;en;Which Belgian beer does « Men know why » use as a slogan ?;Jupiler;Maes;Stella Artois;Gueuze;Confirmé;Recently, more feminine Jupiler advertising campaigns have been published.;https://en.wikipedia.org/wiki/Jupiler
21;en;Which actor carried out certain commercials for the Orangina brand ?;Alain Chabat;Michel Blanc;Gérard Jugnot;Thierry Lhermitte;Expert;The shaking is put forward with humor, in particular thanks to the costumes.;https://en.wikipedia.org/wiki/Orangina
22;en;Founded in 1971, what is the « hottest cold drink » ?;Gini;Nestea;Canada Dry;Schweppes;Expert;The Gini brand was created in 1971 by the Perrier group and is currently part of the Orangina Schweppes group.;https://en.wikipedia.org/wiki/Gini_(soft_drink)
23;en;Which French chain of stores is a « stirrer of curiosity » ?;Fnac;Virgin;HMV;Sony;Expert;FNAC is one of the main brands in the distribution of cultural and leisure products in France and Belgium.;https://en.wikipedia.org/wiki/Fnac
24;en;Which brand of coffee had a black waiter with a turban as its emblem ?;Negresco;Ricoré;Melita;Barista;Expert;In the 1970s, Edmond Jean was forced to sell this old brand of Marseille coffee to Jacques Vabre.;
25;en;Which brand made the first disposable tissues ?;Kleenex;Lotus;Labell;Renova;Expert;The practical and hygienic side of disposable handkerchiefs has overtaken fabric handkerchiefs.;https://en.wikipedia.org/wiki/Kleenex
26;en;To which French brand of beer we owe the slogan « Quatre figures. A beer. » ?;1664;1789;1515;1832;Expert;The 1664 is said to be the best-selling French beer in the world and is Kronenbourg's premium brand.;
27;en;Which surf brand was inspired, for its logo, by a Japanese print ?;Quiksilver;Oxbow;Rip Curl;Rusty;Expert;Quiksilver's logo, inspired by a print by Hokusai, depicts a wave with a mountain in the background.;https://en.wikipedia.org/wiki/Quiksilver
28;en;Which Dutch governor gave his name to blond cigarettes ?;Pieter Stuyvesant;Pieter de Graeff;Pieter Codde;Pieter De Grebber;Expert;The American Tobacco firm launched the Pieter Stuyvesant brand worldwide in 1960.;https://en.wikipedia.org/wiki/Peter_Stuyvesant
29;en;Which satellite package offers you « the best of digital » ?;Canalsat;GST;SFR;Bouygues;Expert;In order to best adapt to new digital communication networks, Canalsat is available in around ten packages.;
30;en;Which airline « makes the sky the most beautiful place on earth » ?;Air France;Air Corsica;Airbus Transport;Twin Jet;Expert;Air France's main activities are passenger and freight transport as well as aircraft maintenance and servicing.;https://en.wikipedia.org/wiki/Air_France
1;de;Von welcher Tochtergesellschaft der Nestlé-Gruppe wurde George Clooney Botschafter ?;Nespresso;Schwarze Karte;Ricoré;Jacques Vabre;Débutant;Der berühmte Slogan « Was noch  ? », der mit dem gutaussehenden George Clooney in Verbindung gebracht wird, wurde heute oft parodiert und war auf der ganzen Welt verbreitet.;https://de.wikipedia.org/wiki/Nespresso
2;de;Welche weltberühmte Jeansmarke macht den berühmten 501 ?;Levis;Lee Cooper;C17;Diesel;Débutant;Diese Bekleidungsfirma ist in der Tat weltberühmt, hauptsächlich für ihre Blue Jeans.;
3;de;Die äußerst beliebte Marke für Scotch Whisky heißt « Johnnie... »;Walker;Parker;Bunker;Monster;Débutant;Das Whisky-Sortiment ist in Etiketten unterteilt: Rot, Schwarz, Grün, Gold, Blau und Swing.;https://de.wikipedia.org/wiki/Johnnie_Walker
4;de;Welche Marke lädt Sie ein, « einen Kaffee namens Wunsch » zu genießen ?;Schwarze Karte;Ricoré;Nespresso;Jacques Vabre;Débutant;Carte Noire, die frühere Marke der amerikanischen Gruppe Mondelez, gehört seit Februar 2016 zur italienischen Gruppe Lavazza.;
5;de;Welche Marke garantiert Ihnen « einen Geschmack für einfache Dinge » ?;Herta;Buitoni;Maggi;Purina;Débutant;Herta ist eine Industriemarke für Lebensmittel der Nestlé-Gruppe mit Hauptsitz in Noisiel, Frankreich.;https://de.wikipedia.org/wiki/Herta (Unternehmen)
6;de;Welche große Marke von Computerhardware hat ein Apple-Logo ?;Apple;IBM;Acer;Dell;Débutant;Das Unternehmen wurde mit seinem 1977 veröffentlichten Apple II-PC bekannt.;https://de.wikipedia.org/wiki/Apple
7;de;Welches Zeichen lädt Sie ein, « gegen die hohen Lebenshaltungskosten » vereint zu bleiben ?;Intermarché;Cora;Super U;Carrefour;Débutant;Die Marke wurde 1969 unter dem Namen EX Distribution Offices gegründet und 1972 zur Intermarché.;
8;de;Welches Schokoladenpulver könnten Sie « begehren » ?;Nesquik;Milka;Banania;Ovomaltine;Débutant;Ursprünglich hieß das Schokoladenpulver Quik, bevor es 1950 in Europa zu Nesquik wurde.;https://de.wikipedia.org/wiki/Nesquik
9;de;« Shake Me, Shake Me » ist seit langem der Slogan welcher großartigen Marke ?;Orangina;Pepsi;Coca-Cola;Schweppes;Débutant;Ein Teil des Ruhmes der Marke beruht auf der Originalität ihrer orangefarbenen Flasche mit granulierter Oberfläche.;https://de.wikipedia.org/wiki/Orangina
10;de;Welcher Einzelhändler lädt Sie in « das Land ein, in dem das Leben billiger ist » ?;Conforama;Bricoman;Darty;Pixmania;Débutant;Die Hierarchie bei Conforama ist sehr kurz: Es gibt nur sieben Ebenen zwischen dem CEO der Gruppe und einem Filialmitarbeiter.;https://de.wikipedia.org/wiki/Conforama
11;de;Welche auf Mineralwasser spezialisierte Marke hat einen grünen Vulkan als Logo ?;Volvic;Evian;Henniez;Thonon;Confirmé;Seit 1955 wurden jährlich mehr als eine Milliarde Liter der Marke Volvic verkauft.;
12;de;Welcher Versicherer, der fünftgrößte Vermögensverwalter der Welt, ist « von A bis Z » bei Ihnen ?;Allianz;Generali;Axa;Aviva;Confirmé;Die Gruppe ist zwischen Nichtlebensversicherung und Lebensversicherung diversifiziert und in Deutschland, Frankreich und Italien tätig.;https://de.wikipedia.org/wiki/Allianz SE
13;de;Welche Parfümmarke verdankt ihren Ruhm zum Teil Marilyn Monroe ?;Chanel;Gucci;Lancôme;Cacharel;Confirmé;Die Firma Chanel gehört jetzt Alain Wertheimer und Gérard Wertheimer.;https://de.wikipedia.org/wiki/Chanel
14;de;Der Cayenne ist ein Modell welcher deutschen Automarke ?;Porsche;Mercedes;Volkswagen;Audi;Confirmé;Der Porsche Cayenne, auch 955 genannt, war der allererste 4x4 von Porsche.;https://de.wikipedia.org/wiki/Porsche_Cayenne
15;de;Welche Marke der Schokoladenwerbung wurde von der Farbe Lila inspiriert ?;Milka;Kwatta;Smarties;Bäume;Confirmé;In den 1990er Jahren wurde Peter Steiner plötzlich mit einer Milka-Anzeige populär.;https://de.wikipedia.org/wiki/Milka (Marke)
16;de;Welches französische Unternehmen bietet Ihnen seinen « Vertrauensvertrag » an ?;Darty;Orange;Kostenlos;Jungfrau;Confirmé;Das historische Versprechen von Darty basiert heute auf dem besten Preis, der besten Wahl und dem besten Servicemodell.;https://de.wikipedia.org/wiki/Darty (Unternehmen)
17;de;Welches Emblem wird in allen Shell-Markenstationen verwendet ?;Gelbe Muschel;Roter Löwe;Grüner Klee;Blaue Sonne;Confirmé;Die Shell-Gruppe hat ihren Hauptsitz in London, Fortaleza und Den Haag.;https://de.wikipedia.org/wiki/Royal_Dutch_Shell
18;de;Was ist das Logo der auf Sportartikel spezialisierten Marke Adidas, vertreten durch ?;Drei Bands;Drei Kreise;Drei Quadrate;Drei Diamanten;Confirmé;Der Hauptsitz des auf Sportartikel spezialisierten Adidas Konzerns befindet sich in Herzogenaurach, Bayern.;https://de.wikipedia.org/wiki/Adidas
19;de;Welches Tier ist auf der Kleidung der Marke Lacoste vertreten ?;Ein Krokodil;Ein Bär;Ein Stier;Ein Kamel;Confirmé;René Lacoste, großer französischer Tennismeister, wurde als Krokodil bezeichnet.;
20;de;Welches belgische Bier kennen « Männer, warum » sie als Slogan verwenden ?;Jupiler;Maes;Stella Artois;Gueuze;Confirmé;Kürzlich wurden mehr weibliche Jupiler-Werbekampagnen veröffentlicht.;https://de.wikipedia.org/wiki/Jupiler
21;de;Welcher Schauspieler hat bestimmte Werbespots für die Marke Orangina gemacht ?;Alain Chabat;Michel Blanc;Gérard Jugnot;Thierry Lhermitte;Expert;Das Schütteln wird mit Humor vorgetragen, insbesondere dank der Kostüme.;https://de.wikipedia.org/wiki/Orangina
22;de;Was ist das « heißeste kalte Getränk », das 1971 gegründet wurde ?;Gini;Nestea;Kanada trocken;Schweppes;Expert;Die Marke Gini wurde 1971 von der Perrier-Gruppe gegründet und gehört derzeit zur Orangina Schweppes-Gruppe.;
23;de;Welche französische Handelskette ist ein « Neugieriger » ?;Fnac;Jungfrau;HMV;Sony;Expert;FNAC ist eine der Hauptmarken im Vertrieb von Kultur- und Freizeitprodukten in Frankreich und Belgien.;
24;de;Welche Kaffeemarke hatte einen schwarzen Kellner mit einem Turban als Emblem ?;Negresco;Ricoré;Melita;Barista;Expert;In den 1970er Jahren war Edmond Jean gezwungen, diese alte Marke von Marseille-Kaffee an Jacques Vabre zu verkaufen.;
25;de;Welche Marke hat die ersten Einweg-Taschentücher hergestellt ?;Kleenex;Lotus;Labell;Renova;Expert;Die praktische und hygienische Seite von Einweg-Taschentüchern hat Stoff-Taschentücher überholt.;https://de.wikipedia.org/wiki/Kleenex
26;de;Welcher französischen Biermarke verdanken wir den Slogan « Quatre-Zahlen. Ein Bier. » ?;1664;1789;1515;1832;Expert;Das 1664 gilt als das meistverkaufte französische Bier der Welt und ist Kronenbourgs Premiummarke.;
27;de;Welche Surfmarke wurde für ihr Logo von einem japanischen Druck inspiriert ?;Quiksilver;Oxbow;Rip Curl;Rusty;Expert;Das Quiksilver-Logo, inspiriert von einem Druck von Hokusai, zeigt eine Welle mit einem Berg im Hintergrund.;https://de.wikipedia.org/wiki/Boardriders
28;de;Welcher niederländische Gouverneur gab blonden Zigaretten seinen Namen ?;Pieter Stuyvesant;Pieter de Graeff;Pieter Codde;Pieter De Grebber;Expert;Die amerikanische Tabakfirma brachte 1960 die Marke Pieter Stuyvesant weltweit auf den Markt.;https://de.wikipedia.org/wiki/Petrus_Stuyvesant
29;de;Welches Satellitenpaket bietet Ihnen « das Beste aus Digital » ?;Canalsat;GST;SFR;Bouygues;Expert;Um sich optimal an neue digitale Kommunikationsnetze anzupassen, ist Canalsat in rund zehn Paketen erhältlich.;
30;de;Welche Fluggesellschaft « macht den Himmel zum schönsten Ort der Welt » ?;Air France;Luft Korsika;Airbus Transport;Twin Jet;Expert;Die Hauptaktivitäten von Air France sind der Personen- und Güterverkehr sowie die Wartung und Instandhaltung von Flugzeugen.;https://de.wikipedia.org/wiki/Air_France
1;es;¿De qué filial del grupo Nestlé se convirtió George Clooney en embajador ?;Nespresso;Tarjeta negra;Ricoré;Jacques Vabre;Débutant;El famoso lema « ¿Qué más  ? », asociado con el apuesto George Clooney, se ha parodiado a menudo en la actualidad y se ha dado la vuelta al mundo.;https://es.wikipedia.org/wiki/Nespresso
2;es;¿Qué marca de jeans de fama mundial fabrica el famoso 501 ?;Levis;Lee Cooper;C17;Diesel;Débutant;Esta empresa de ropa es de hecho mundialmente famosa, principalmente por sus blue jeans.;
3;es;La marca extremadamente popular de whisky escocés se llama « Johnnie... »;Parker;Bunker;Monster;La gama de whiskies se divide en etiquet;Débutant;;https://es.wikipedia.org/wiki/Johnnie_Walker
4;es;¿Qué marca te invita a disfrutar de « un café llamado deseo » ?;Tarjeta negra;Ricoré;Nespresso;Jacques Vabre;Débutant;Carte Noire, antigua marca del grupo estadounidense Mondelez, pertenece ahora al grupo italiano Lavazza desde febrero de 2016.;
5;es;¿Qué marca te garantiza « el gusto por las cosas simples » ?;Herta;Buitoni;Maggi;Purina;Débutant;Herta es una marca industrial de productos alimenticios del grupo Nestlé cuya oficina principal se encuentra en Noisiel, Francia.;
6;es;¿Qué marca importante de hardware informático tiene el logotipo de Apple ?;Apple;IBM;Acer;Dell;Débutant;La compañía saltó a la fama con su computadora personal Apple II, lanzada en 1977.;https://es.wikipedia.org/wiki/Apple
7;es;¿Qué cartel los invita a permanecer « todos unidos frente al alto costo de la vida » ?;Intermarché;Cora;Super U;Carrefour;Débutant;Fundada en 1969 con el nombre de Oficinas de distribución EX, la marca se convirtió en Intermarché en 1972.;
8;es;¿Qué chocolate en polvo podrías tener « antojo » ?;Nesquik;Milka;Banania;Ovomaltine;Débutant;Originalmente, el chocolate en polvo se llamaba Quik antes de convertirse en Nesquik cuando se lanzó en Europa en 1950.;https://es.wikipedia.org/wiki/Nesquik
9;es;« Shake Me, Shake Me » ha sido durante mucho tiempo el lema de ¿qué gran marca ?;Orangina;Pepsi;Coca-Cola;Schweppes;Débutant;Parte de la fama de la marca proviene de la originalidad de su frasco en forma de naranja con una superficie granulada.;https://es.wikipedia.org/wiki/Orangina
10;es;¿Qué minorista te invita a « el país donde la vida es más barata » ?;Conforama;Bricoman;Darty;Pixmania;Débutant;La jerarquía es muy corta en Conforama: solo hay siete niveles entre el CEO del grupo y un empleado de la tienda.;
11;es;¿Qué marca especializada en agua mineral tiene un volcán verde como logo ?;Volvic;Evian;Henniez;Thonon;Confirmé;Desde 1955, cada año se han vendido más de mil millones de litros de la marca Volvic.;
12;es;¿Qué aseguradora, la quinta administradora de activos más grande del mundo, está « con usted de la A a la Z » ?;Allianz;Generali;Axa;Aviva;Confirmé;El grupo está diversificado entre seguros distintos de los de vida y seguros de vida y opera en Alemania, Francia e Italia.;https://es.wikipedia.org/wiki/Allianz
13;es;¿Qué marca de perfumes debe su fama en parte a Marilyn Monroe ?;Chanel;Gucci;Lancôme;Cacharel;Confirmé;La empresa Chanel ahora es propiedad de Alain Wertheimer y Gérard Wertheimer.;https://es.wikipedia.org/wiki/Chanel
14;es;¿El Cayenne es un modelo de qué marca de automóviles alemana ?;Porsche;Mercedes;Volkswagen;Audi;Confirmé;El Porsche Cayenne, también llamado 955, fue el primer 4x4 fabricado por Porsche.;https://es.wikipedia.org/wiki/Porsche_Cayenne
15;es;¿Qué marca de publicidad de chocolate se inspiró en el color malva ?;Milka;Kwatta;Smarties;Treets;Confirmé;En la década de 1990, Peter Steiner se hizo popular de repente con un anuncio de Milka.;https://es.wikipedia.org/wiki/Milka
16;es;¿Qué empresa francesa le ofrece su « contrato de confianza » ?;Darty;Naranja;Gratis;Virgen;Confirmé;La promesa histórica de Darty opera hoy con el mejor precio, la mejor opción y el mejor modelo de servicio.;https://es.wikipedia.org/wiki/Darty
17;es;¿Qué emblema se usa en todas las estaciones de la marca Shell ?;Concha amarilla;León rojo;Trébol verde;Sol azul;Confirmé;El grupo Shell tiene sus sedes en Londres, Fortaleza y La Haya.;https://es.wikipedia.org/wiki/Royal_Dutch_Shell
18;es;¿Cuál es el logo de la marca Adidas, especializada en artículos deportivos, representada por ?;Tres bandas;Tres círculos;Tres cuadrados;Tres diamantes;Confirmé;La sede del Grupo Adidas, especializado en artículos deportivos, se encuentra en Herzogenaurach, Baviera.;https://es.wikipedia.org/wiki/Adidas
19;es;¿Qué animal está representado en la ropa de la marca Lacoste ?;Un cocodrilo;Un oso;Un toro;Un camello;Confirmé;René Lacoste, gran campeón de tenis de Francia, fue apodado el Cocodrilo.;
20;es;¿Qué cerveza belga « los hombres saben por qué » usan como eslogan ?;Jupiler;Maes;Stella Artois;Gueuze;Confirmé;Recientemente se han publicado campañas publicitarias de Jupiler más femeninas.;https://es.wikipedia.org/wiki/Jupiler
21;es;¿Qué actor realizó ciertos comerciales para la marca Orangina ?;Alain Chabat;Michel Blanc;Gérard Jugnot;Thierry Lhermitte;Expert;El temblor se resalta con humor, en particular gracias al vestuario.;https://es.wikipedia.org/wiki/Orangina
22;es;Fundada en 1971, ¿cuál es la « bebida fría más caliente » ?;Gini;Nestea;Canada Dry;Schweppes;Expert;La marca Gini fue creada en 1971 por el grupo Perrier y actualmente forma parte del grupo Orangina Schweppes.;
23;es;¿Qué cadena de tiendas francesa es un « despertador de curiosidad » ?;Fnac;Virgen;HMV;Sony;Expert;FNAC es una de las principales marcas en la distribución de productos culturales y de ocio en Francia y Bélgica.;https://es.wikipedia.org/wiki/Fnac
24;es;¿Qué marca de café tenía un camarero negro con turbante como emblema ?;Negresco;Ricoré;Melita;Barista;Expert;En la década de 1970, Edmond Jean se vio obligado a vender esta antigua marca de café de Marsella a Jacques Vabre.;
25;es;¿Qué marca fabricó los primeros pañuelos desechables ?;Kleenex;Lotus;Labell;Renova;Expert;El lado práctico e higiénico de los pañuelos desechables ha superado a los pañuelos de tela.;https://es.wikipedia.org/wiki/Kleenex
26;es;A qué marca francesa de cerveza le debemos el lema « Cifras de Quatre. Una cerveza. » ?;1664;1789;1515;1832;Expert;Se dice que la 1664 es la cerveza francesa más vendida en el mundo y es la marca premium de Kronenbourg.;
27;es;¿Qué marca de surf se inspiró, para su logotipo, en un estampado japonés ?;Quiksilver;Oxbow;Rip Curl;Oxidado;Expert;El logotipo de Quiksilver, inspirado en un estampado de Hokusai, representa una ola con una montaña de fondo.;https://es.wikipedia.org/wiki/Quiksilver
28;es;¿Qué gobernador holandés dio su nombre a los cigarrillos rubios ?;Pieter Stuyvesant;Pieter de Graeff;Pieter Codde;Pieter De Grebber;Expert;La firma American Tobacco lanzó la marca Pieter Stuyvesant en todo el mundo en 1960.;https://es.wikipedia.org/wiki/Peter_Stuyvesant
29;es;¿Qué paquete de satélite le ofrece « lo mejor de lo digital » ?;Canalsat;GST;SFR;Bouygues;Expert;Para adaptarse mejor a las nuevas redes de comunicación digital, Canalsat está disponible en unos diez paquetes.;
30;es;¿Qué aerolínea « hace del cielo el lugar más hermoso de la tierra » ?;Air France;Air Corsica;Transporte de Airbus;Twin Jet;Expert;Las principales actividades de Air France son el transporte de pasajeros y mercancías, así como el mantenimiento y el servicio de aeronaves.;https://es.wikipedia.org/wiki/Air_France
1;it;Di quale filiale del gruppo Nestlé è diventato ambasciatore George Clooney ?;Nespresso;Carta nera;Ricoré;Jacques Vabre;Débutant;Il famoso slogan « What else  ? », associato al bel George Clooney, è stato oggi spesso parodiato e ha fatto il giro del mondo.;https://it.wikipedia.org/wiki/Nespresso
2;it;Quale marchio di jeans di fama mondiale produce il famoso 501 ?;Levis;Lee Cooper;C17;Diesel;Débutant;Questa azienda di abbigliamento è davvero famosa nel mondo, principalmente per i suoi blue jeans.;
3;it;Una marca estremamente popolare di whisky scozzese si chiama « Johnnie... »;Walker;Parker;Bunker;Mostro;Débutant;La gamma di whisky è suddivisa in etichette: Red, Black, Green, Gold, Blue e Swing.;https://it.wikipedia.org/wiki/Johnnie_Walker
4;it;Quale marca ti invita a gustare « un caffè chiamato desiderio » ?;Carta nera;Ricoré;Nespresso;Jacques Vabre;Débutant;Ex marchio del gruppo americano Mondelez, Carte Noire appartiene ora al gruppo italiano Lavazza da febbraio 2016.;https://it.wikipedia.org/wiki/Carte_Noire
5;it;Quale marchio ti garantisce « il gusto per le cose semplici » ?;Herta;Buitoni;Maggi;Purina;Débutant;Herta è un marchio industriale di prodotti alimentari del gruppo Nestlé con sede a Noisiel, in Francia.;
6;it;Quale principale marca di hardware per computer ha un logo Apple ?;Apple;IBM;Acer;Dell;Débutant;L'azienda è diventata famosa con il suo personal computer Apple II, rilasciato nel 1977.;https://it.wikipedia.org/wiki/Apple
7;it;Quale segno vi invita a rimanere « tutti uniti contro l'alto costo della vita » ?;Intermarché;Cora;Super U;Carrefour;Débutant;Fondato nel 1969 con il nome di EX Distribution Offices, il marchio è diventato Intermarché nel 1972.;
8;it;Quale polvere di cioccolato potresti « desiderare » ?;Nesquik;Milka;Banania;Ovomaltine;Débutant;In origine, la polvere di cioccolato si chiamava Quik prima di diventare Nesquik quando fu lanciata in Europa nel 1950.;https://it.wikipedia.org/wiki/Nesquik
9;it;« Shake Me, Shake Me » è stato a lungo lo slogan di quale grande marchio ?;Orangina;Pepsi;Coca-Cola;Schweppes;Débutant;Parte della fama del marchio deriva dall'originalità della sua bottiglia a forma di arancia con una superficie granulosa.;https://it.wikipedia.org/wiki/Orangina
10;it;Quale rivenditore ti invita nel « paese in cui la vita costa meno » ?;Conforama;Bricoman;Darty;Pixmania;Débutant;La gerarchia in Conforama è molto breve: ci sono solo sette livelli tra l'amministratore delegato del gruppo e un impiegato del negozio.;https://it.wikipedia.org/wiki/Conforama
11;it;Quale marchio specializzato in acque minerali ha come logo un vulcano verde ?;Volvic;Evian;Henniez;Thonon;Confirmé;Dal 1955, ogni anno sono stati venduti più di un miliardo di litri del marchio Volvic.;
12;it;Quale assicuratore, il quinto più grande gestore patrimoniale al mondo, è « con te dalla A alla Z » ?;Allianz;Generali;Axa;Aviva;Confirmé;Il gruppo è diversificato tra assicurazioni danni e assicurazioni vita ed è attivo in Germania, Francia e Italia.;https://it.wikipedia.org/wiki/Allianz
13;it;Quale marca di profumi deve in parte la sua fama a Marilyn Monroe ?;Chanel;Gucci;Lancôme;Cacharel;Confirmé;L'azienda Chanel è ora di proprietà di Alain Wertheimer e Gérard Wertheimer.;https://it.wikipedia.org/wiki/Chanel
14;it;La Cayenne è un modello di quale marca automobilistica tedesca ?;Porsche;Mercedes;Volkswagen;Audi;Confirmé;La Porsche Cayenne, chiamata anche 955, è stata la prima 4x4 prodotta da Porsche.;https://it.wikipedia.org/wiki/Porsche_Cayenne
15;it;Quale marca di pubblicità sul cioccolato è stata ispirata dal colore malva ?;Milka;Kwatta;Smarties;Alberi;Confirmé;Negli anni '90, Peter Steiner divenne improvvisamente popolare con una pubblicità di Milka.;https://it.wikipedia.org/wiki/Milka
16;it;Quale azienda francese ti offre il suo « contratto di fiducia » ?;Darty;Orange;Gratuito;Vergine;Confirmé;La storica promessa di Darty oggi opera sul miglior prezzo, la migliore scelta, il miglior modello di servizio.;https://it.wikipedia.org/wiki/Darty
17;it;Quale emblema viene utilizzato in tutte le stazioni del marchio Shell ?;Conchiglia gialla;Leone rosso;Trifoglio verde;Sole blu;Confirmé;Il gruppo Shell ha le sue sedi a Londra, Fortaleza e L'Aia.;https://it.wikipedia.org/wiki/Royal_Dutch_Shell
18;it;Da cosa è rappresentato il logo del marchio Adidas, specializzato in articoli sportivi ?;Tre bande;Tre cerchi;Tre quadrati;Tre diamanti;Confirmé;La sede del Gruppo Adidas, specializzato in articoli sportivi, è a Herzogenaurach, in Baviera.;https://it.wikipedia.org/wiki/Adidas
19;it;Quale animale è rappresentato sull'abbigliamento del marchio Lacoste ?;Un coccodrillo;Un orso;Un toro;Un cammello;Confirmé;René Lacoste, grande campione francese di tennis, è stato soprannominato il coccodrillo.;
20;it;Quale birra belga « Gli uomini sanno perché » usa come slogan ?;Jupiler;Maes;Stella Artois;Gueuze;Confirmé;Recentemente sono state pubblicate campagne pubblicitarie Jupiler più femminili.;https://it.wikipedia.org/wiki/Jupiler
21;it;Quale attore ha realizzato alcuni spot pubblicitari per il marchio Orangina ?;Alain Chabat;Michel Blanc;Gérard Jugnot;Thierry Lhermitte;Expert;Lo scuotimento è proposto con umorismo, in particolare grazie ai costumi.;https://it.wikipedia.org/wiki/Orangina
22;it;Fondata nel 1971, qual è la « bevanda fredda più calda » ?;Gini;Nestea;Canada Dry;Schweppes;Expert;Il marchio Gini è stato creato nel 1971 dal gruppo Perrier e attualmente fa parte del gruppo Orangina Schweppes.;
23;it;Quale catena di negozi francese è « stimola la curiosità » ?;Fnac;Vergine;HMV;Sony;Expert;FNAC è uno dei principali marchi nella distribuzione di prodotti culturali e per il tempo libero in Francia e Belgio.;https://it.wikipedia.org/wiki/Fnac
24;it;Quale marca di caffè aveva come emblema un cameriere nero con un turbante ?;Negresco;Ricoré;Melita;Barista;Expert;Negli anni '70 Edmond Jean fu costretto a vendere questa vecchia marca di caffè Marsiglia a Jacques Vabre.;
25;it;Quale marca ha realizzato i primi fazzoletti usa e getta ?;Kleenex;Lotus;Labell;Renova;Expert;Il lato pratico e igienico dei fazzoletti usa e getta ha superato i fazzoletti in tessuto.;https://it.wikipedia.org/wiki/Kleenex
26;it;A quale marca di birra francese dobbiamo lo slogan « Quatre figures. Una birra. » ?;1664;1789;1515;1832;Expert;Si dice che la 1664 sia la birra francese più venduta al mondo ed è il marchio premium di Kronenbourg.;
27;it;A quale marchio di surf si è ispirato, per il suo logo, una stampa giapponese ?;Quiksilver;Oxbow;Rip Curl;Rusty;Expert;Il logo di Quiksilver, ispirato a una stampa di Hokusai, raffigura un'onda con una montagna sullo sfondo.;https://it.wikipedia.org/wiki/Quiksilver
28;it;Quale governatore olandese ha dato il suo nome alle sigarette bionde ?;Pieter Stuyvesant;Pieter de Graeff;Pieter Codde;Pieter De Grebber;Expert;L'azienda American Tobacco ha lanciato il marchio Pieter Stuyvesant in tutto il mondo nel 1960.;https://it.wikipedia.org/wiki/Peter_Stuyvesant
29;it;Quale pacchetto satellitare ti offre « il meglio del digitale » ?;Canalsat;GST;SFR;Bouygues;Expert;Per adattarsi al meglio alle nuove reti di comunicazione digitale, Canalsat è disponibile in una decina di pacchetti.;
30;it;Quale compagnia aerea « rende il cielo il posto più bello della terra » ?;Air France;Air Corsica;Trasporto Airbus;Twin Jet;Expert;Le attività principali di Air France sono il trasporto di passeggeri e merci, nonché la manutenzione e l'assistenza degli aeromobili.;https://it.wikipedia.org/wiki/Air_France
1;nl;Van welke dochteronderneming van de Nestlé-groep werd George Clooney de ambassadeur ?;Nespresso;Zwarte kaart;Ricoré;Jacques Vabre;Débutant;De beroemde slogan « What else  ? », geassocieerd met de knappe George Clooney, is tegenwoordig vaak geparodieerd en is de hele wereld over gegaan.;https://nl.wikipedia.org/wiki/Nespresso
2;nl;Welk wereldberoemd jeansmerk maakt de beroemde 501 ?;Levis;Lee Cooper;C17;Diesel;Débutant;Dit kledingbedrijf is inderdaad wereldberoemd, vooral vanwege zijn blauwe spijkerbroek.;
3;nl;Een extreem populair merk Schotse whisky heet « Johnnie... »;Walker;Parker;Bunker;Monster;Débutant;Het assortiment whisky's is onderverdeeld in labels: Rood, Zwart, Groen, Goud, Blauw en Swing.;https://nl.wikipedia.org/wiki/Johnnie_Walker_(whisky)
4;nl;Welk merk nodigt u uit om te genieten van « een koffie genaamd desire » ?;Zwarte kaart;Ricoré;Nespresso;Jacques Vabre;Débutant;Carte Noire, het voormalige merk van de Amerikaanse groep Mondelez, behoort nu sinds februari 2016 tot de Italiaanse groep Lavazza.;
5;nl;Welk merk garandeert je « smaak voor simpele dingen » ?;Herta;Buitoni;Maggi;Purina;Débutant;Herta is een industrieel merk van voedingsproducten van de Nestlé-groep met hoofdkantoor in Noisiel, Frankrijk.;
6;nl;Welk belangrijk merk computerhardware heeft een Apple-logo ?;Appel;IBM;Acer;Dell;Débutant;Het bedrijf verwierf bekendheid met zijn Apple II-pc, uitgebracht in 1977.;https://nl.wikipedia.org/wiki/Apple Inc.
7;nl;Welk teken nodigt je uit om « helemaal verenigd te blijven tegen de hoge kosten van levensonderhoud » ?;Intermarché;Cora;Super U;Carrefour;Débutant;Opgericht in 1969 onder de naam EX Distribution Offices, werd het merk in 1972 Intermarché.;
8;nl;Naar welk chocoladepoeder zou je « hunkeren » ?;Nesquik;Milka;Bananië;Ovomaltine;Débutant;Oorspronkelijk heette het chocoladepoeder Quik voordat het Nesquik werd toen het in 1950 in Europa werd gelanceerd.;https://nl.wikipedia.org/wiki/Nesquik
9;nl;« Shake Me, Shake Me » is al lang de slogan van welk geweldig merk ?;Orangina;Pepsi;Coca-Cola;Schweppes;Débutant;Een deel van de bekendheid van het merk komt van de originaliteit van de oranje fles met een gegranuleerd oppervlak.;https://nl.wikipedia.org/wiki/Orangina
10;nl;Welke winkelier nodigt je uit in « het land waar het leven goedkoper is » ?;Conforama;Bricoman;Darty;Pixmania;Débutant;De hiërarchie is bij Conforama erg kort: er zijn maar zeven niveaus tussen de CEO van de groep en een winkelmedewerker.;
11;nl;Welk merk gespecialiseerd in mineraalwater heeft een groene vulkaan als logo ?;Volvic;Evian;Henniez;Thonon;Confirmé;Sinds 1955 is er elk jaar meer dan een miljard liter van het merk Volvic verkocht.;
12;nl;Welke verzekeraar, de op vier na grootste vermogensbeheerder ter wereld, staat « bij u van A tot Z » ?;Allianz;Generali;Axa;Aviva;Confirmé;De groep is gediversifieerd tussen schadeverzekeringen en levensverzekeringen en is actief in Duitsland, Frankrijk en Italië.;https://nl.wikipedia.org/wiki/Allianz
13;nl;Welk parfummerk dankt zijn bekendheid deels aan Marilyn Monroe ?;Chanel;Gucci;Lancôme;Cacharel;Confirmé;Het bedrijf Chanel is nu eigendom van Alain Wertheimer en Gérard Wertheimer.;https://nl.wikipedia.org/wiki/Chanel
14;nl;De Cayenne is een model van welk Duits automerk ?;Porsche;Mercedes;Volkswagen;Audi;Confirmé;De Porsche Cayenne, ook wel 955 genoemd, was de allereerste door Porsche vervaardigde 4x4.;https://nl.wikipedia.org/wiki/Porsche_Cayenne
15;nl;Welk merk chocoladereclame werd geïnspireerd door de kleur mauve ?;Milka;Kwatta;Smarties;Treets;Confirmé;In de jaren negentig werd Peter Steiner plotseling populair met een Milka-advertentie.;https://nl.wikipedia.org/wiki/Milka
16;nl;Welk Frans bedrijf biedt u zijn « vertrouwenscontract » aan ?;Darty;Oranje;Gratis;Maagd;Confirmé;Darty's historische belofte werkt vandaag op basis van de beste prijs, de beste keuze en het beste servicemodel.;
17;nl;Welk embleem wordt in alle stations van het Shell-merk gebruikt ?;Gele zeeschelp;Rode leeuw;Groene klaver;Blauwe zon;Confirmé;De Shell-groep heeft haar hoofdkantoor in Londen, Fortaleza en Den Haag.;https://nl.wikipedia.org/wiki/Royal_Dutch_Shell
18;nl;Wat is het logo van het in sportartikelen gespecialiseerde merk Adidas ?;Drie bands;Drie cirkels;Drie vierkanten;Drie diamanten;Confirmé;Het hoofdkantoor van de in sportartikelen gespecialiseerde Adidas-groep bevindt zich in Herzogenaurach, Beieren.;https://nl.wikipedia.org/wiki/Adidas
19;nl;Welk dier is afgebeeld op de kleding van het merk Lacoste ?;Een krokodil;Een beer;Een stier;Een kameel;Confirmé;René Lacoste, grote Franse tenniskampioen, kreeg de bijnaam de krokodil.;
20;nl;Welk Belgisch bier weet « Mannen waarom » als slogan ?;Jupiler;Maes;Stella Artois;Geuze;Confirmé;Onlangs zijn er meer vrouwelijke Jupiler-advertentiecampagnes gepubliceerd.;https://nl.wikipedia.org/wiki/Jupiler
21;nl;Welke acteur heeft bepaalde commercials gemaakt voor het merk Orangina ?;Alain Chabat;Michel Blanc;Gérard Jugnot;Thierry Lhermitte;Expert;Het schudden wordt met humor naar voren gebracht, met name dankzij de kostuums.;https://nl.wikipedia.org/wiki/Orangina
22;nl;Wat is de « heetste koude drank », opgericht in 1971 ?;Gini;Nestea;Canada droog;Schweppes;Expert;Het merk Gini werd in 1971 opgericht door de Perrier-groep en maakt momenteel deel uit van de Orangina Schweppes-groep.;https://nl.wikipedia.org/wiki/Gini
23;nl;Welke Franse winkelketen is een « opwekker van nieuwsgierigheid » ?;Fnac;Maagd;HMV;Sony;Expert;FNAC is een van de belangrijkste merken in de distributie van culturele en vrijetijdsproducten in Frankrijk en België.;https://nl.wikipedia.org/wiki/Fnac
24;nl;Welk merk koffie had een zwarte ober met een tulband als embleem ?;Negresco;Ricoré;Melita;Barista;Expert;In de jaren zeventig werd Edmond Jean gedwongen dit oude merk Marseille-koffie te verkopen aan Jacques Vabre.;
25;nl;Welk merk heeft de eerste wegwerpdoekjes gemaakt ?;Kleenex;Lotus;Labell;Renova;Expert;De praktische en hygiënische kant van wegwerpzakdoeken heeft stoffen zakdoeken ingehaald.;https://nl.wikipedia.org/wiki/Kleenex
26;nl;Aan welk Frans biermerk hebben we de slogan « Quatre figures te danken. Een biertje. » ?;1664;1789;1515;1832;Expert;De 1664 zou het best verkochte Franse bier ter wereld zijn en is het premiummerk van Kronenbourg.;
27;nl;Welk surfmerk werd voor zijn logo geïnspireerd door een Japanse print ?;Quiksilver;Oxbow;Rip Curl;Roestig;Expert;Het logo van Quiksilver, geïnspireerd op een print van Hokusai, toont een golf met een berg op de achtergrond.;https://nl.wikipedia.org/wiki/Quiksilver
28;nl;Welke Nederlandse gouverneur gaf zijn naam aan blonde sigaretten ?;Pieter Stuyvesant;Pieter de Graeff;Pieter Codde;Pieter De Grebber;Expert;De firma American Tobacco lanceerde in 1960 het merk Pieter Stuyvesant wereldwijd.;https://nl.wikipedia.org/wiki/Peter_Stuyvesant
29;nl;Welk satellietpakket biedt u « het beste van digitaal » ?;Canalsat;GST;SFR;Bouygues;Expert;Om zich zo goed mogelijk aan te passen aan nieuwe digitale communicatienetwerken, is Canalsat verkrijgbaar in een tiental pakketten.;
30;nl;Welke luchtvaartmaatschappij « maakt van de lucht de mooiste plek op aarde » ?;Air France;Lucht Corsica;Airbus-vervoer;Twin Jet;Expert;De hoofdactiviteiten van Air France zijn passagiers- en vrachtvervoer en onderhoud en service aan vliegtuigen.;https://nl.wikipedia.org/wiki/Air_France
