1;fr;Quelle fleur représentant l'amour est porteuse de mauvais sort dans « La Belle et la Bête » ?;Une rose;Une tulipe;Un oeillet;Une jonquille;Débutant;Bien que non mentionné dans le film, le jeune Prince, dont la devise est « Vainc qui se vainc », se prénomme Adam.;https://fr.wikipedia.org/wiki/La_Belle_et_la_Bête_(film,_1991)
2;fr;Passé minuit, en quoi le somptueux carrosse de Cendrillon se transforme-t-il ?;En citrouille;En gâteau;En pomme;En souris;Débutant;Cendrillon est une jeune femme soumise à l'autorité de sa marâtre, Lady Trémaine, et à celle de ses deux demi-soeurs.;https://fr.wikipedia.org/wiki/Cendrillon_(Disney)
3;fr;Quelle princesse de Disney peut-on entendre chanter « Siffler en travaillant » ? ;Blanche-Neige;Merida;Tiana;Pocahontas;Débutant;La version créée par les studios Disney diffère légèrement des autres adaptations du conte.;https://fr.wikipedia.org/wiki/Blanche-Neige_(Disney)
4;fr;Combien de nains ont accueilli Blanche-Neige dans leur chaumière au fond des bois ?;Sept;Six;Cinq;Quatre;Débutant;« Blanche-Neige et les Sept Nains » est le premier long-métrage d'animation Disney.;https://fr.wikipedia.org/wiki/Blanche-Neige_et_les_Sept_Nains
5;fr;Qui chante « Un jour, mon prince viendra » dans un dessin animé Disney ?;Blanche-Neige;Cendrillon;Alice;Jasmine;Débutant;Le film « Blanche-Neige » est une adaptation du conte éponyme des frères Grimm paru en 1812.;https://fr.wikipedia.org/wiki/Blanche-Neige_et_les_Sept_Nains
6;fr;De quelle manière le prince charmant réveille-t-il Blanche-Neige ?;Par un baiser;Par une gifle;Par une morsure;Par un chant;Débutant;La version la plus connue de « Blanche-Neige » est celle de Jacob et Wilhelm Grimm, parue en 1812.;https://fr.wikipedia.org/wiki/Blanche-Neige
7;fr;Quelle célèbre princesse du grand écran est empoisonnée avec une pomme ?;Blanche-Neige;Cendrillon;Raiponce;Ariel;Débutant;Blanche-Neige est une princesse d'une très grande beauté, ce qui rend jalouse sa belle-mère, la Reine.;https://fr.wikipedia.org/wiki/Blanche-Neige_(Disney)
8;fr;Quelle héroïne de Disney se voit refuser le droit de rester au bal après minuit ?;Cendrillon;Alice;Blanche-Neige;Aurore;Débutant;Certaines versions de Cendrillon peuvent être très différentes les unes des autres.;https://fr.wikipedia.org/wiki/Cendrillon
9;fr;À quelle heure les vêtements de Cendrillon redeviennent-ils ses haillons habituels ?;Minuit;Midi;Onze heures;Trois heures;Débutant;L'Occident connaît surtout l'histoire de Cendrillon au travers des versions de Charles Perrault.;https://fr.wikipedia.org/wiki/Cendrillon
10;fr;Qui a été placée dans un cercueil de verre par des nains puis réveillée par un prince ?;Blanche-Neige;Cendrillon;Esmeralda;Fiona;Débutant;Blanche-Neige montre qu'il ne faut pas s'attacher à des choses éphémères telles la beauté et la jeunesse.;https://fr.wikipedia.org/wiki/Blanche-Neige
11;fr;Quelle couleur est souvent associée à Aurore dans « La Belle au bois dormant » ?;Rose;Verte;Rouge;Bleue;Confirmé;Le célèbre château de la princesse Aurore est utilisé dans les parcs de Disneyland comme icône de la zone Fantasyland.;https://fr.wikipedia.org/wiki/Aurore_(Disney)
12;fr;Quelles aventures de Disney se déroulent dans le nord de la Chine ?;« Mulan »;« Pocahontas »;« Raiponce »;« Rebelle »;Confirmé;Le caractère du personnage de Mulan est différent des classiques Disney, notamment de celui des princesses.;https://fr.wikipedia.org/wiki/Fa_Mulan
13;fr;Quelle princesse Disney est une sirène vivant auprès de son père, le roi Triton ?;Ariel;Jasmine;Tiana;Merida;Confirmé;L'animateur Glen Keane aurait déclaré dans une conférence que l'apparence du personnage était fondée sur sa propre femme.;https://fr.wikipedia.org/wiki/Ariel_(Disney)
14;fr;Dans le monde de Disney, quelle princesse chante « Ce rêve bleu » ?;Jasmine;Ariel;Merida;Tiana;Confirmé;Jasmine est un personnage de fiction qui est apparu pour la première fois en 1992 dans le long métrage d'animation « Aladdin ».;https://fr.wikipedia.org/wiki/Jasmine_(Disney)
15;fr;Quelle princesse de Disney est célèbre pour sa longue chevelure blonde ?;Raiponce;Merida;Tiana;Ariel;Confirmé;Si on coupe une mèche de cheveux de Raiponce, ceux-ci deviennent bruns et perdent leurs effets magiques.;https://fr.wikipedia.org/wiki/Raiponce_(Disney)
16;fr;Quel film de Disney a réuni sur les écrans un pauvre voleur et une belle princesse ?;« Aladdin »;« Pocahontas »;« Rebelle »;« Raiponce »;Confirmé;L'apparence de Jasmine fut inspirée de Jennifer Connelly mais également de la soeur de l'animateur du personnage.;https://fr.wikipedia.org/wiki/Jasmine_(Disney)
17;fr;Qui a fabriqué la première robe de bal qu'a portée Cendrillon ?;Des souris;Des chouettes;Des enfants;Des sorcières;Confirmé;Cendrillon est appelée ainsi car elle se repose dans la cendre une fois le travail terminé.;https://fr.wikipedia.org/wiki/Cendrillon
18;fr;Qui est Meeko dans « Pocahontas, une légende indienne » ?;Un raton-laveur;Un ours;Un oiseau;Un sanglier;Confirmé;Disney a donné à Pocahontas les traits et la plastique du mannequin planétaire Naomi Campbell.;https://fr.wikipedia.org/wiki/Pocahontas_(film,_1995)
19;fr;Quelle princesse Disney ne quitte pour ainsi dire jamais son arc et ses flèches ?;Merida;Tiana;Ariel;Jasmine;Confirmé;Merida est le personnage principal du long métrage d'animation « Rebelle », sorti en 2012.;https://fr.wikipedia.org/wiki/Mérida_(Disney)
20;fr;Quelle première princesse afro-américaine a été mise en scène par Disney ?;Tiana;Aurore;Ariel;Jasmine;Confirmé;Disney revient ici sur sa décision de ne pourtant plus réaliser des films en deux dimensions.;https://fr.wikipedia.org/wiki/La_Princesse_et_la_Grenouille
21;fr;Quelle princesse Disney est savamment entraînée aux arts martiaux ?;Mulan;Merida;Ariel;Tiana;Expert;Le courage, la détermination et l'ingéniosité de Mulan l'aideront dans ses aventures à gagner le respect des autres.;https://fr.wikipedia.org/wiki/Fa_Mulan
22;fr;Que recherchent les sept nains de Blanche-Neige dans leur mine ?;Des diamants;Du schiste;Du pétrole;Du charbon;Expert;Dans le parc d'attractions Efteling, les nains vivent dans le Bois des contes, jouxtant le château de sa belle-mère.;https://fr.wikipedia.org/wiki/Blanche-Neige
23;fr;En 2037, quel âge aura le célèbre dessin animé « Blanche-Neige » des studios Disney ?;100 ans;75 ans;50 ans;125 ans;Expert;Le budget de production, 1.48 million de dollars, marque un record historique pour l'époque.;https://fr.wikipedia.org/wiki/Blanche-Neige_et_les_Sept_Nains
24;fr;Quel est le prénom du chat de la belle-mère de Cendrillon ?;Lucifer;Diabolo;Satan;Belzébuth;Expert;Lucifer est le chat de Lady Trémaine : fourbe et paresseux, il représente une menace pour Jack.;https://fr.wikipedia.org/wiki/Cendrillon
25;fr;Dans « Mulan », quel est le nom du dragon, le gardien de la famille ?;Mushu;Yao;Shang;Général Li;Expert;C'est Eddie Murphy qui campe la voix originale de Mushu, tandis que la voix française est assurée par José Garcia.;https://fr.wikipedia.org/wiki/Mulan
26;fr;Pour Disney, qui est Rajah, animal de compagnie de la princesse Jasmine ?;Un tigre;Un raton-laveur;Un sanglier;Un oiseau;Expert;Jasmine et Aladdin sont apparus en 2002 dans une bande-annonce du film « Lilo et Stitch ».;https://fr.wikipedia.org/wiki/Jasmine_(Disney)
27;fr;Dans « Cendrillon », quels animaux sont transformés en chevaux de trait ?;Souris;Oies;Moutons;Lapins;Expert;La composition des pantoufles de Cendrillon fait l'objet d'un débat récurrent en Europe.;https://fr.wikipedia.org/wiki/Cendrillon
28;fr;La plastique de quelle mannequin a servi à créer les principaux traits de Pocahontas ?;Naomi Campbell;Kelly Brook;Katie Price;Sienna Miller;Expert;Le personnage de Pocahontas s'inspire librement du personnage historique Matoaka (« Petite plume de neige »).;https://fr.wikipedia.org/wiki/Pocahontas_(Disney)
29;fr;Quelle princesse Disney communique librement avec la nature et les animaux ?;Pocahontas;Mulan;Merida;Tiana;Expert;Les scénaristes du film ont inventé une Pocahontas écologiste, volontaire et physiquement attirante.;https://fr.wikipedia.org/wiki/Pocahontas_(Disney)
30;fr;Laquelle de ces princesses est très souvent représentée dans sa robe de bal jaune or ?;Belle;Mulan;Tiana;Merida;Expert;Depuis 2011, Belle est l'un des personnages principaux de la série télévisée « Once Upon a Time ».;https://fr.wikipedia.org/wiki/Belle_(Disney)
1;en;Which flower representing love is the bearer of bad luck in « Beauty and the Beast » ?;A rose;A tulip;A carnation;A daffodil;Débutant;Although not mentioned in the film, the young Prince, whose motto is Vanquish who defeats himself, is named Adam.;
2;en;After midnight, what does Cinderella's sumptuous carriage turn into ?;In pumpkin;In cake;Apple;In mouse;Débutant;Cinderella is a young woman subject to the authority of her stepmother, Lady Trémaine, and that of her two half-sisters.;https://en.wikipedia.org/wiki/Cinderella_(Disney_character)
3;en;Which Disney princess can you hear singing « Whistle while working » ?;Snow White;Merida;Tiana;Pocahontas;Débutant;The version created by Disney Studios differs slightly from other adaptations of the tale.;https://en.wikipedia.org/wiki/Snow_White_(Disney_character)
4;en;How many dwarves have welcomed Snow White to their cottage deep in the woods ?;Seven;Six;Five;Four;Débutant;« Snow White and the Seven Dwarfs » is the first Disney animated feature film.;https://en.wikipedia.org/wiki/Snow_White_and_the_Seven_Dwarfs_(1937_film)
5;en;Who sings « One day my prince will come » in a Disney cartoon ?;Snow White;Cinderella;Alice;Jasmine;Débutant;The film « Blanche-Neige » is an adaptation of the eponymous tale of the Brothers Grimm published in 1812.;https://en.wikipedia.org/wiki/Snow_White_and_the_Seven_Dwarfs_(1937_film)
6;en;How does Prince Charming wake up Snow White ?;By a kiss;By a slap;By a bite;By a song;Débutant;The best-known version of « Blanche-Neige » is that of Jacob and Wilhelm Grimm, published in 1812.;https://en.wikipedia.org/wiki/Snow White
7;en;Which famous princess from the big screen is poisoned with an apple ?;Snow White;Cinderella;Rapunzel;Ariel;Débutant;Snow White is a very beautiful princess, which makes her stepmother, the Queen, jealous.;https://en.wikipedia.org/wiki/Snow_White_(Disney_character)
8;en;Which Disney heroine is denied the right to stay at the ball after midnight ?;Cinderella;Alice;Snow White;Aurora;Débutant;Some versions of Cinderella can be very different from each other.;https://en.wikipedia.org/wiki/Cinderella
9;en;At what time do Cinderella's clothes revert to her usual rags ?;Midnight;Noon;Eleven o'clock;Three hours;Débutant;The West knows especially the story of Cinderella through the versions of Charles Perrault.;https://en.wikipedia.org/wiki/Cinderella
10;en;Who was placed in a glass coffin by dwarves and then awakened by a prince ?;Snow White;Cinderella;Esmeralda;Fiona;Débutant;Snow White shows that you shouldn't get attached to ephemeral things like beauty and youth.;https://en.wikipedia.org/wiki/Snow White
11;en;What color is often associated with Aurora in « Sleeping Beauty » ?;Rose;Green;Red;Blue;Confirmé;The famous Princess Aurora Castle is used in Disneyland parks as an icon of the Fantasyland area.;https://en.wikipedia.org/wiki/Aurora_(Disney)
12;en;What Disney adventures take place in northern China ?;« Mulan »;« Pocahontas »;« Raiponce »;« Rebelle »;Confirmé;The character of Mulan's character is different from the Disney classics, especially the princesses.;
13;en;Which Disney princess is a mermaid living with her father, King Triton ?;Ariel;Jasmine;Tiana;Merida;Confirmé;Host Glen Keane reportedly said in a talk that the character's appearance was based on his own wife.;https://en.wikipedia.org/wiki/Ariel_(The_Little_Mermaid)
14;en;In the world of Disney, which princess sings « This blue dream » ?;Jasmine;Ariel;Merida;Tiana;Confirmé;Jasmine is a fictional character who first appeared in 1992 in the animated feature « Aladdin ».;https://en.wikipedia.org/wiki/Jasmine_(Disney_character)
15;en;Which Disney princess is famous for her long blonde hair ?;Rapunzel;Merida;Tiana;Ariel;Confirmé;If you cut a section of Rapunzel's hair, it turns brown and loses its magical effects.;https://en.wikipedia.org/wiki/Rapunzel_(Tangled)
16;en;Which Disney movie brought together a poor thief and a beautiful princess on the screens ?;« Aladdin »;« Pocahontas »;« Rebelle »;« Raiponce »;Confirmé;Jasmine's appearance was inspired by Jennifer Connelly but also the sister of the character's host.;https://en.wikipedia.org/wiki/Jasmine_(Disney_character)
17;en;Who made the first ball gown Cinderella wore ?;Mice;Owls;Children;Witches;Confirmé;Cinderella is so called because she rests in the ashes after the job is done.;https://en.wikipedia.org/wiki/Cinderella
18;en;Who is Meeko in « Pocahontas, an Indian legend » ?;A raccoon;A bear;A bird;A wild boar;Confirmé;Disney gave Pocahontas the features and looks of planetary model Naomi Campbell.;
19;en;Which Disney princess hardly ever leaves her bow and arrows ?;Merida;Tiana;Ariel;Jasmine;Confirmé;Merida is the main character of the animated feature « Rebel », released in 2012.;
20;en;Which first African American princess was staged by Disney ?;Tiana;Aurora;Ariel;Jasmine;Confirmé;Disney is here reversing its decision to no longer make two-dimensional films.;https://en.wikipedia.org/wiki/The_Princess_and_the_Frog
21;en;Which Disney princess is expertly trained in martial arts ?;Mulan;Merida;Ariel;Tiana;Expert;Mulan's courage, determination and resourcefulness will help her on her adventures to earn the respect of others.;
22;en;What are the seven dwarfs of Snow White looking for in their mine ?;Diamonds;From shale;Oil;Coal;Expert;In the amusement park Efteling, the dwarves live in the Fairytale Forest, next to his mother-in-law's castle.;https://en.wikipedia.org/wiki/Snow White
23;en;In 2037, how old will the famous cartoon « Blanche-Neige » from Disney studios be ?;100 years;75 years old;50 years;125 years;Expert;The production budget, $ 1.48 million, marks an all-time high for the time.;https://en.wikipedia.org/wiki/Snow_White_and_the_Seven_Dwarfs_(1937_film)
24;en;What is the name of Cinderella's mother-in-law's cat ?;Lucifer;Diabolo;Satan;Beelzebub;Expert;Lucifer is Lady Trémaine's cat: deceitful and lazy, he represents a threat to Jack.;https://en.wikipedia.org/wiki/Cinderella
25;en;In « Mulan », what is the name of the dragon, the keeper of the family ?;Mushu;Yao;Shang;General Li;Expert;It is Eddie Murphy who plays the original voice of Mushu, while the French voice is provided by José Garcia.;https://en.wikipedia.org/wiki/Mulan (1998 film)
26;en;For Disney, who is Rajah, pet of Princess Jasmine ?;A tiger;A raccoon;A wild boar;A bird;Expert;Jasmine and Aladdin appeared in a 2002 trailer for the movie « Lilo and Stitch ».;https://en.wikipedia.org/wiki/Jasmine_(Disney_character)
27;en;In « Cinderella », which animals are transformed into work horses ?;Mouse;Geese;Sheep;Rabbits;Expert;The composition of Cinderella's slippers is the subject of recurring debate in Europe.;https://en.wikipedia.org/wiki/Cinderella
28;en;The plastic of which mannequin was used to create the main features of Pocahontas ?;Naomi Campbell;Kelly Brook;Katie Price;Sienna Miller;Expert;The character of Pocahontas is loosely inspired by the historical character Matoaka (Little snow feather).;https://en.wikipedia.org/wiki/Pocahontas_(character)
29;en;Which Disney princess communicates freely with nature and animals ?;Pocahontas;Mulan;Merida;Tiana;Expert;The writers of the film have invented an ecological, determined and physically attractive Pocahontas.;https://en.wikipedia.org/wiki/Pocahontas_(character)
30;en;Which of these princesses is very often represented in her golden yellow ball gown ?;Beautiful;Mulan;Tiana;Merida;Expert;Since 2011, Belle has been one of the main characters in the television series « Once Upon a Time ».;https://en.wikipedia.org/wiki/Belle_(Beauty_and_the_Beast)
1;de;Welche Blume, die die Liebe darstellt, trägt das Unglück in « Die Schöne und das Biest » ?;Eine Rose;Eine Tulpe;Eine Nelke;Eine Narzisse;Débutant;Obwohl im Film nicht erwähnt, heißt der junge Prinz, dessen Motto Vainc qui se vaincre lautet, Adam.;
2;de;Was wird aus Aschenputtels prächtiger Kutsche nach Mitternacht ?;In Kürbis;In Kuchen;Apple;In der Maus;Débutant;Cinderella ist eine junge Frau, die der Autorität ihrer Stiefmutter Lady Trémaine und der ihrer beiden Halbschwestern unterliegt.;
3;de;Welche Disney-Prinzessin können Sie während der Arbeit « Pfeifen » singen hören ?;Schneewittchen;Merida;Tiana;Pocahontas;Débutant;Die von Disney Studios erstellte Version unterscheidet sich geringfügig von anderen Anpassungen der Geschichte.;
4;de;Wie viele Zwerge haben Schneewittchen in ihrem Haus tief im Wald willkommen geheißen ?;Sieben;Sechs;Fünf;Vier;Débutant;« Schneewittchen und die sieben Zwerge » ist der erste animierte Disney-Spielfilm.;https://de.wikipedia.org/wiki/Schneewittchen_und_die_sieben_Zwerge_(1937)
5;de;Wer singt « Eines Tages wird mein Prinz » in einem Disney-Cartoon kommen ?;Schneewittchen;Aschenputtel;Alice;Jasmin;Débutant;Der Film « Blanche-Neige » ist eine Adaption der 1812 veröffentlichten gleichnamigen Geschichte der Brüder Grimm.;https://de.wikipedia.org/wiki/Schneewittchen_und_die_sieben_Zwerge_(1937)
6;de;Wie weckt Prince Charming Schneewittchen ?;Durch einen Kuss;Durch einen Schlag;Durch einen Bissen;Durch ein Lied;Débutant;Die bekannteste Version von « Blanche-Neige » ist die von Jacob und Wilhelm Grimm, die 1812 veröffentlicht wurde.;https://de.wikipedia.org/wiki/Schneewittchen
7;de;Welche berühmte Prinzessin von der Leinwand ist mit einem Apfel vergiftet ?;Schneewittchen;Aschenputtel;Rapunzel;Ariel;Débutant;Schneewittchen ist eine sehr schöne Prinzessin, was ihre Stiefmutter, die Königin, eifersüchtig macht.;
8;de;Welcher Disney-Heldin wird das Recht verweigert, nach Mitternacht am Ball zu bleiben ?;Aschenputtel;Alice;Schneewittchen;Aurora;Débutant;Einige Versionen von Cinderella können sehr unterschiedlich sein.;https://de.wikipedia.org/wiki/Aschenputtel
9;de;Zu welcher Zeit kehren Aschenputtels Kleider zu ihren üblichen Lumpen zurück ?;Mitternacht;Mittag;Elf Uhr;Drei Stunden;Débutant;Der Westen kennt besonders die Geschichte von Aschenputtel durch die Versionen von Charles Perrault.;https://de.wikipedia.org/wiki/Aschenputtel
10;de;Wer wurde von Zwergen in einen Glassarg gelegt und dann von einem Prinzen geweckt ?;Schneewittchen;Aschenputtel;Esmeralda;Fiona;Débutant;Schneewittchen zeigt, dass Sie sich nicht an vergängliche Dinge wie Schönheit und Jugend binden sollten.;https://de.wikipedia.org/wiki/Schneewittchen
11;de;Welche Farbe wird in « Dornröschen » häufig mit Aurora assoziiert ?;Rose;Grün;Rot;Blau;Confirmé;Das berühmte Schloss von Prinzessin Aurora wird in den Parks von Disneyland als Ikone des Fantasyland-Gebiets verwendet.;
12;de;Welche Disney-Abenteuer finden in Nordchina statt ?;« Mulan »;« Pocahontas »;« Raiponce »;« Rebelle »;Confirmé;Der Charakter von Mulans Charakter unterscheidet sich von den Disney-Klassikern, insbesondere von den Prinzessinnen.;
13;de;Welche Disney-Prinzessin ist eine Meerjungfrau, die mit ihrem Vater, König Triton, lebt ?;Ariel;Jasmin;Tiana;Merida;Confirmé;Gastgeber Glen Keane sagte Berichten zufolge in einem Gespräch, dass das Aussehen des Charakters auf seiner eigenen Frau beruhte.;
14;de;Welche Prinzessin singt in der Welt von Disney « diesen blauen Traum » ?;Jasmin;Ariel;Merida;Tiana;Confirmé;Jasmine ist eine fiktive Figur, die 1992 erstmals in dem Zeichentrickfilm « Aladdin » auftrat.;
15;de;Welche Disney-Prinzessin ist berühmt für ihre langen blonden Haare ?;Rapunzel;Merida;Tiana;Ariel;Confirmé;Wenn Sie einen Teil von Rapunzels Haar schneiden, wird es braun und verliert seine magischen Effekte.;
16;de;Welcher Disney-Film brachte einen armen Dieb und eine schöne Prinzessin auf den Bildschirmen zusammen ?;« Aladdin »;« Pocahontas »;« Rebelle »;« Raiponce »;Confirmé;Jasmines Auftritt wurde von Jennifer Connelly inspiriert, aber auch von der Schwester des Gastgebers des Charakters.;
17;de;Wer hat das erste Ballkleid gemacht, das Aschenputtel trug ?;Mäuse;Eulen;Kinder;Hexen;Confirmé;Aschenputtel wird so genannt, weil sie nach getaner Arbeit in der Asche ruht.;https://de.wikipedia.org/wiki/Aschenputtel
18;de;Wer ist Meeko in « Pocahontas, einer indischen Legende » ?;Ein Waschbär;Ein Bär;Ein Vogel;Ein Wildschwein;Confirmé;Disney gab Pocahontas die Merkmale und das Aussehen des Planetenmodells Naomi Campbell.;
19;de;Welche Disney-Prinzessin verlässt Pfeil und Bogen kaum ?;Merida;Tiana;Ariel;Jasmin;Confirmé;Merida ist die Hauptfigur des 2012 veröffentlichten animierten Features « Rebel ».;
20;de;Welche erste afroamerikanische Prinzessin wurde von Disney inszeniert ?;Tiana;Aurora;Ariel;Jasmin;Confirmé;Disney kehrt hier seine Entscheidung um, keine zweidimensionalen Filme mehr zu machen.;https://de.wikipedia.org/wiki/Küss_den_Frosch
21;de;Welche Disney-Prinzessin ist fachmännisch in Kampfkunst ausgebildet ?;Mulan;Merida;Ariel;Tiana;Expert;Mulans Mut, Entschlossenheit und Einfallsreichtum werden ihr auf ihren Abenteuern helfen, den Respekt anderer zu verdienen.;
22;de;Was suchen die sieben Zwerge von Schneewittchen in ihrer Mine ?;Diamanten;Aus Schiefer;Öl;Kohle;Expert;Im Vergnügungspark Efteling leben die Zwerge im Märchenwald neben dem Schloss seiner Schwiegermutter.;https://de.wikipedia.org/wiki/Schneewittchen
23;de;Wie alt wird der berühmte Cartoon « Blanche-Neige » aus den Disney-Studios im Jahr 2037 sein ?;100 Jahre;75 Jahre alt;50 Jahre;125 Jahre;Expert;Das Produktionsbudget von 1,48 Millionen US-Dollar markiert ein Allzeithoch für diese Zeit.;https://de.wikipedia.org/wiki/Schneewittchen_und_die_sieben_Zwerge_(1937)
24;de;Wie heißt Aschenputtels Schwiegermutterkatze ?;Luzifer;Diabolo;Satan;Beelzebub;Expert;Luzifer ist Lady Trémaines Katze: Betrügerisch und faul stellt er eine Bedrohung für Jack dar.;https://de.wikipedia.org/wiki/Aschenputtel
25;de;Wie heißt in « Mulan » der Drache, der Hüter der Familie ?;Mushu;Yao;Shang;General Li;Expert;Es ist Eddie Murphy, der die Originalstimme von Mushu spielt, während die französische Stimme von José Garcia zur Verfügung gestellt wird.;https://de.wikipedia.org/wiki/Mulan (1998)
26;de;Für Disney, wer ist Rajah, Haustier von Prinzessin Jasmine ?;Ein Tiger;Ein Waschbär;Ein Wildschwein;Ein Vogel;Expert;Jasmine und Aladdin erschienen 2002 in einem Trailer zum Film « Lilo und Stitch ».;
27;de;Welche Tiere werden in « Aschenputtel » in Arbeitspferde verwandelt ?;Maus;Gänse;Schafe;Kaninchen;Expert;Die Zusammensetzung von Aschenputtels Hausschuhen ist Gegenstand einer wiederkehrenden Debatte in Europa.;https://de.wikipedia.org/wiki/Aschenputtel
28;de;Aus welchem Kunststoff wurde die Hauptmerkmale von Pocahontas hergestellt ?;Naomi Campbell;Kelly Brook;Katie Price;Sienna Miller;Expert;Der Charakter von Pocahontas ist lose vom historischen Charakter Matoaka (kleine Schneefeder) inspiriert.;
29;de;Welche Disney-Prinzessin kommuniziert frei mit Natur und Tieren ?;Pocahontas;Mulan;Merida;Tiana;Expert;Die Autoren des Films haben einen ökologischen, entschlossenen und körperlich attraktiven Pocahontas erfunden.;
30;de;Welche dieser Prinzessinnen ist sehr oft in ihrem goldgelben Ballkleid vertreten ?;Schön;Mulan;Tiana;Merida;Expert;Seit 2011 ist Belle eine der Hauptfiguren in der Fernsehserie « Es war einmal ».;
1;es;¿Qué flor que representa el amor es portadora de mala suerte en « La bella y la bestia » ?;Una rosa;Un tulipán;Un clavel;Un narciso;Débutant;Aunque no se menciona en la película, el joven príncipe, cuyo lema es Vainc qui se vaincre, se llama Adam.;
2;es;Después de la medianoche, ¿en qué se convierte el suntuoso carruaje de Cenicienta ?;En calabaza;En pastel;Apple;En ratón;Débutant;Cenicienta es una mujer joven sujeta a la autoridad de su madrastra, Lady Trémaine, y la de sus dos hermanastras.;https://es.wikipedia.org/wiki/Cenicienta_(Disney)
3;es;¿Qué princesa de Disney puedes oír cantar « Silbato mientras trabajas » ?;Blancanieves;Mérida;Tiana;Pocahontas;Débutant;La versión creada por Disney Studios difiere ligeramente de otras adaptaciones del cuento.;https://es.wikipedia.org/wiki/Blancanieves_(Disney)
4;es;¿Cuántos enanos han recibido a Blancanieves en su cabaña en lo profundo del bosque ?;Siete;Seis;Cinco;Cuatro;Débutant;« Blancanieves y los siete enanitos » es el primer largometraje animado de Disney.;https://es.wikipedia.org/wiki/Snow_White_and_the_Seven_Dwarfs
5;es;¿Quién canta « Un día vendrá mi príncipe » en una caricatura de Disney ?;Blancanieves;Cenicienta;Alice;Jasmine;Débutant;La película « Blanche-Neige » es una adaptación del cuento homónimo de los hermanos Grimm publicado en 1812.;https://es.wikipedia.org/wiki/Snow_White_and_the_Seven_Dwarfs
6;es;¿Cómo despierta el príncipe azul a Blancanieves ?;Por un beso;Por una bofetada;Por un mordisco;Por una canción;Débutant;La versión más conocida de « Blanche-Neige » es la de Jacob y Wilhelm Grimm, publicada en 1812.;https://es.wikipedia.org/wiki/Blancanieves
7;es;¿Qué princesa famosa de la pantalla grande es envenenada con una manzana ?;Blancanieves;Cenicienta;Rapunzel;Ariel;Débutant;Blancanieves es una princesa muy hermosa, lo que pone celosa a su madrastra, la Reina.;https://es.wikipedia.org/wiki/Blancanieves_(Disney)
8;es;¿A qué heroína de Disney se le niega el derecho a permanecer en el baile después de la medianoche ?;Cenicienta;Alice;Blancanieves;Aurora;Débutant;Algunas versiones de Cenicienta pueden ser muy diferentes entre sí.;https://es.wikipedia.org/wiki/La Cenicienta
9;es;¿A qué hora la ropa de Cenicienta vuelve a sus harapos habituales ?;Medianoche;Mediodía;Once en punto;Tres horas;Débutant;Occidente conoce especialmente la historia de Cenicienta a través de las versiones de Charles Perrault.;https://es.wikipedia.org/wiki/La Cenicienta
10;es;¿Quién fue colocado en un ataúd de vidrio por los enanos y luego despertado por un príncipe ?;Blancanieves;Cenicienta;Esmeralda;Fiona;Débutant;Blancanieves demuestra que no debes apegarte a cosas efímeras como la belleza y la juventud.;https://es.wikipedia.org/wiki/Blancanieves
11;es;¿Qué color se asocia a menudo con Aurora en « La bella durmiente » ?;Rose;Verde;Rojo;Azul;Confirmé;El famoso castillo de la Princesa Aurora se utiliza en los parques de Disneyland como un ícono del área de Fantasyland.;https://es.wikipedia.org/wiki/Princesa_Aurora
12;es;¿Qué aventuras de Disney tienen lugar en el norte de China ?;« Mulan »;« Pocahontas »;« Raiponce »;« Rebelle »;Confirmé;El personaje del personaje de Mulan es diferente a los clásicos de Disney, especialmente a las princesas.;
13;es;¿Qué princesa de Disney es una sirena que vive con su padre, el rey Tritón ?;Ariel;Jasmine;Tiana;Mérida;Confirmé;Según los informes, el presentador Glen Keane dijo en una charla que la apariencia del personaje se basaba en su propia esposa.;https://es.wikipedia.org/wiki/Ariel_(personaje)
14;es;En el mundo de Disney, ¿qué princesa canta « Este sueño azul » ?;Jasmine;Ariel;Mérida;Tiana;Confirmé;Jasmine es un personaje de ficción que apareció por primera vez en 1992 en la película animada « Aladdin ».;https://es.wikipedia.org/wiki/Jasmín_(Disney)
15;es;¿Qué princesa de Disney es famosa por su largo cabello rubio ?;Rapunzel;Mérida;Tiana;Ariel;Confirmé;Si cortas una sección del cabello de Rapunzel, se vuelve marrón y pierde sus efectos mágicos.;https://es.wikipedia.org/wiki/Rapunzel_(Disney)
16;es;¿Qué película de Disney reunió a un pobre ladrón y una hermosa princesa en las pantallas ?;« Aladdin »;« Pocahontas »;« Rebelle »;« Raiponce »;Confirmé;La apariencia de Jasmine se inspiró en Jennifer Connelly, pero también en la hermana del anfitrión del personaje.;https://es.wikipedia.org/wiki/Jasmín_(Disney)
17;es;¿Quién hizo el primer vestido de baile que usó Cenicienta ?;Ratones;Búhos;Niños;Brujas;Confirmé;Cenicienta se llama así porque descansa en las cenizas después de que el trabajo está terminado.;https://es.wikipedia.org/wiki/La Cenicienta
18;es;¿Quién es Meeko en « Pocahontas, una leyenda india » ?;Un mapache;Un oso;Un pájaro;Un jabalí;Confirmé;Disney le dio a Pocahontas las características y el aspecto de la modelo planetaria Naomi Campbell.;
19;es;¿Qué princesa de Disney casi nunca deja su arco y flechas ?;Mérida;Tiana;Ariel;Jasmine;Confirmé;Mérida es el personaje principal de la película animada « Rebel », lanzada en 2012.;
20;es;¿Qué primera princesa afroamericana fue puesta en escena por Disney ?;Tiana;Aurora;Ariel;Jasmine;Confirmé;Disney está revirtiendo aquí su decisión de dejar de hacer películas bidimensionales.;https://es.wikipedia.org/wiki/The_Princess_and_the_Frog
21;es;¿Qué princesa de Disney está expertamente entrenada en artes marciales ?;Mulan;Mérida;Ariel;Tiana;Expert;El valor, la determinación y el ingenio de Mulan la ayudarán en sus aventuras para ganarse el respeto de los demás.;
22;es;¿Qué buscan los siete enanos de Blancanieves en su mina ?;Diamantes;De pizarra;Petróleo ","Du pétrole;Carbón;Expert;En el parque de atracciones Efteling, los enanos viven en el bosque de cuento de hadas, junto al castillo de su suegra.;https://es.wikipedia.org/wiki/Blancanieves
23;es;En 2037, ¿qué edad tendrá la famosa caricatura « Blanche-Neige » de los estudios Disney ?;100 años;75 años;50 años;125 años;Expert;El presupuesto de producción, 1,48 millones de dólares, marca un récord histórico para la época.;https://es.wikipedia.org/wiki/Snow_White_and_the_Seven_Dwarfs
24;es;¿Cómo se llama el gato de la suegra de Cenicienta ?;Lucifer;Diabolo;Satanás;Beelzebub;Expert;Lucifer es el gato de Lady Trémaine: engañoso y perezoso, representa una amenaza para Jack.;https://es.wikipedia.org/wiki/La Cenicienta
25;es;En « Mulan », ¿cómo se llama el dragón, el guardián de la familia ?;Mushu;Yao;Shang;General Li;Expert;Es Eddie Murphy quien interpreta la voz original de Mushu, mientras que la voz francesa corre a cargo de José García.;https://es.wikipedia.org/wiki/Mulan
26;es;Para Disney, ¿quién es Rajah, la mascota de la princesa Jasmine ?;Un tigre;Un mapache;Un jabalí;Un pájaro;Expert;Jasmine y Aladdin aparecieron en un tráiler de 2002 de la película « Lilo e Stitch ».;https://es.wikipedia.org/wiki/Jasmín_(Disney)
27;es;En « Cenicienta », ¿qué animales se transforman en caballos de trabajo ?;Ratón;Gansos;Ovejas;Conejos;Expert;La composición de las zapatillas de Cenicienta es objeto de un debate recurrente en Europa.;https://es.wikipedia.org/wiki/La Cenicienta
28;es;¿El plástico de qué maniquí se utilizó para crear las principales características de Pocahontas ?;Naomi Campbell;Kelly Brook;Precio de Katie;Sienna Miller;Expert;El personaje de Pocahontas está vagamente inspirado en el personaje histórico Matoaka (Pequeña pluma de nieve).;https://es.wikipedia.org/wiki/Pocahontas_(Disney)
29;es;¿Qué princesa de Disney se comunica libremente con la naturaleza y los animales ?;Pocahontas;Mulan;Mérida;Tiana;Expert;Los guionistas de la película han inventado una Pocahontas ecológica, decidida y físicamente atractiva.;https://es.wikipedia.org/wiki/Pocahontas_(Disney)
30;es;¿Cuál de estas princesas se representa muy a menudo con su vestido de baile amarillo dorado ?;Hermosa;Mulan;Tiana;Mérida;Expert;Desde 2011, Belle ha sido uno de los personajes principales de la serie de televisión « Once Upon a Time ».;https://es.wikipedia.org/wiki/Bella_(Disney)
1;it;Quale fiore che rappresenta l'amore è portatore di sfortuna in « La bella e la bestia » ?;Una rosa;Un tulipano;Un garofano;Un narciso;Débutant;Sebbene non sia menzionato nel film, il giovane principe, il cui motto è Vainc qui se vaincre, si chiama Adam.;
2;it;Dopo mezzanotte, in cosa si trasforma la sontuosa carrozza di Cenerentola ?;Nella zucca;Nella torta;Apple;Nel mouse;Débutant;Cenerentola è una giovane donna soggetta all'autorità della sua matrigna, Lady Trémaine, e a quella delle sue due sorellastre.;https://it.wikipedia.org/wiki/Cenerentola_(Disney)
3;it;Quale principessa Disney puoi sentire cantare « Fischietto mentre lavori » ?;Biancaneve;Merida;Tiana;Pocahontas;Débutant;La versione creata da Disney Studios differisce leggermente dagli altri adattamenti del racconto.;https://it.wikipedia.org/wiki/Biancaneve_(Disney)
4;it;Quanti nani hanno accolto Biancaneve nella loro casetta nel bosco ?;Seven;Sei;Cinque;Quattro;Débutant;« Biancaneve e i sette nani » è il primo film d'animazione Disney.;https://it.wikipedia.org/wiki/Biancaneve_e_i_sette_nani_(film_1937)
5;it;Chi canta « Un giorno il mio principe verrà » in un cartone animato Disney ?;Biancaneve;Cenerentola;Alice;Jasmine;Débutant;Il film « Blanche-Neige » è un adattamento dell'omonimo racconto dei fratelli Grimm pubblicato nel 1812.;https://it.wikipedia.org/wiki/Biancaneve_e_i_sette_nani_(film_1937)
6;it;Come fa il principe azzurro a svegliare Biancaneve ?;Con un bacio;Con uno schiaffo;Per un morso;Con una canzone;Débutant;La versione più nota di « Blanche-Neige » è quella di Jacob e Wilhelm Grimm, pubblicata nel 1812.;https://it.wikipedia.org/wiki/Biancaneve
7;it;Quale famosa principessa del grande schermo è avvelenata con una mela ?;Biancaneve;Cenerentola;Rapunzel;Ariel;Débutant;Biancaneve è una principessa molto bella, il che rende gelosa la sua matrigna, la regina.;https://it.wikipedia.org/wiki/Biancaneve_(Disney)
8;it;A quale eroina Disney viene negato il diritto di restare al ballo dopo mezzanotte ?;Cenerentola;Alice;Biancaneve;Aurora;Débutant;Alcune versioni di Cenerentola possono essere molto diverse l'una dall'altra.;https://it.wikipedia.org/wiki/Cenerentola
9;it;A che ora i vestiti di Cenerentola tornano ai suoi soliti stracci ?;Mezzanotte;Mezzogiorno;Undici in punto;Tre ore;Débutant;L'Occidente conosce soprattutto la storia di Cenerentola attraverso le versioni di Charles Perrault.;https://it.wikipedia.org/wiki/Cenerentola
10;it;Chi è stato messo in una bara di vetro dai nani e poi risvegliato da un principe ?;Biancaneve;Cenerentola;Esmeralda;Fiona;Débutant;Biancaneve mostra che non dovresti attaccarti a cose effimere come la bellezza e la giovinezza.;https://it.wikipedia.org/wiki/Biancaneve
11;it;Di che colore è spesso associato Aurora in « La bella addormentata » ?;Rose;Verde;Rosso;Blu;Confirmé;Il famoso castello della principessa Aurora viene utilizzato nei parchi Disneyland come icona dell'area di Fantasyland.;https://it.wikipedia.org/wiki/Aurora_(Disney)
12;it;Quali avventure Disney si svolgono nel nord della Cina ?;« Mulan »;« Pocahontas »;« Raiponce »;« Rebelle »;Confirmé;Il personaggio del personaggio di Mulan è diverso dai classici Disney, in particolare le principesse.;
13;it;Quale principessa Disney è una sirena che vive con suo padre, il re Tritone ?;Ariel;Jasmine;Tiana;Merida;Confirmé;Secondo quanto riferito, il conduttore Glen Keane ha detto in un discorso che l'aspetto del personaggio era basato su sua moglie.;https://it.wikipedia.org/wiki/Ariel_(Disney)
14;it;Nel mondo Disney, quale principessa canta « Questo sogno blu » ?;Jasmine;Ariel;Merida;Tiana;Confirmé;Jasmine è un personaggio immaginario apparso per la prima volta nel 1992 nel film d'animazione « Aladdin ».;https://it.wikipedia.org/wiki/Jasmine_(Disney)
15;it;Quale principessa Disney è famosa per i suoi lunghi capelli biondi ?;Rapunzel;Merida;Tiana;Ariel;Confirmé;Se tagli una sezione dei capelli di Rapunzel, diventa marrone e perde i suoi effetti magici.;
16;it;Quale film Disney ha messo insieme un povero ladro e una bellissima principessa sugli schermi ?;« Aladdin »;« Pocahontas »;« Rebelle »;« Raiponce »;Confirmé;L'aspetto di Jasmine è stato ispirato da Jennifer Connelly ma anche dalla sorella dell'ospite del personaggio.;https://it.wikipedia.org/wiki/Jasmine_(Disney)
17;it;Chi ha realizzato il primo abito da ballo indossato da Cenerentola ?;Topi;Gufi;Bambini;Streghe;Confirmé;Cenerentola è così chiamata perché riposa tra le ceneri dopo che il lavoro è finito.;https://it.wikipedia.org/wiki/Cenerentola
18;it;Chi è Meeko in « Pocahontas, una leggenda indiana » ?;Un procione;Un orso;Un uccello;Un cinghiale;Confirmé;Disney ha dato a Pocahontas le caratteristiche e l'aspetto del modello planetario Naomi Campbell.;
19;it;Quale principessa Disney lascia raramente il suo arco e le sue frecce ?;Merida;Tiana;Ariel;Jasmine;Confirmé;Merida è la protagonista del film d'animazione « Rebel », uscito nel 2012.;
20;it;Quale prima principessa afroamericana è stata messa in scena dalla Disney ?;Tiana;Aurora;Ariel;Jasmine;Confirmé;La Disney torna qui sulla sua decisione di non fare più film bidimensionali.;https://it.wikipedia.org/wiki/La_principessa_e_il_ranocchio
21;it;Quale principessa Disney è esperta nelle arti marziali ?;Mulan;Merida;Ariel;Tiana;Expert;Il coraggio, la determinazione e l'intraprendenza di Mulan la aiuteranno nelle sue avventure a guadagnarsi il rispetto degli altri.;
22;it;Cosa cercano i sette nani di Biancaneve nella loro miniera ?;Diamanti;Dallo scisto;Olio;Carbone;Expert;Nel parco dei divertimenti Efteling, i nani vivono nella Foresta delle fiabe, vicino al castello di sua suocera.;https://it.wikipedia.org/wiki/Biancaneve
23;it;Nel 2037, quanti anni avrà il famoso cartone animato « Blanche-Neige » degli studi Disney ?;100 anni;75 anni;50 anni;125 anni;Expert;Il budget di produzione, 1,48 milioni di dollari, segna il massimo storico per l'epoca.;https://it.wikipedia.org/wiki/Biancaneve_e_i_sette_nani_(film_1937)
24;it;Qual è il nome del gatto della suocera di Cenerentola ?;Lucifero;Diabolo;Satana;Belzebù;Expert;Lucifero è il gatto di Lady Trémaine: ingannevole e pigro, rappresenta una minaccia per Jack.;https://it.wikipedia.org/wiki/Cenerentola
25;it;In « Mulan », qual è il nome del drago, il custode della famiglia ?;Mushu;Yao;Shang;Generale Li;Expert;È Eddie Murphy che interpreta la voce originale di Mushu, mentre la voce francese è fornita da José Garcia.;https://it.wikipedia.org/wiki/Mulan (film 1998)
26;it;Per la Disney, chi è Rajah, animale domestico della principessa Jasmine ?;Una tigre;Un procione;Un cinghiale;Un uccello;Expert;Jasmine e Aladdin sono apparsi nel trailer del 2002 del film « Lilo e Stitch ».;https://it.wikipedia.org/wiki/Jasmine_(Disney)
27;it;In « Cenerentola », quali animali si trasformano in cavalli da lavoro ?;Mouse;Oche;Pecora;Conigli;Expert;La composizione delle pantofole di Cenerentola è oggetto di dibattito ricorrente in Europa.;https://it.wikipedia.org/wiki/Cenerentola
28;it;La plastica di quale manichino è stata utilizzata per creare le caratteristiche principali di Pocahontas ?;Naomi Campbell;Kelly Brook;Katie Price;Sienna Miller;Expert;Il personaggio di Pocahontas è vagamente ispirato al personaggio storico Matoaka (Piccola piuma di neve).;https://it.wikipedia.org/wiki/Pocahontas_(Disney)
29;it;Quale principessa Disney comunica liberamente con la natura e gli animali ?;Pocahontas;Mulan;Merida;Tiana;Expert;Gli autori del film hanno inventato una Pocahontas ecologica, determinata e fisicamente attraente.;https://it.wikipedia.org/wiki/Pocahontas_(Disney)
30;it;Quale di queste principesse è molto spesso rappresentata nel suo abito da ballo giallo dorato ?;Bello;Mulan;Tiana;Merida;Expert;Dal 2011, Belle è stata uno dei personaggi principali della serie televisiva « C'era una volta ».;
1;nl;Welke bloem die liefde vertegenwoordigt, is de drager van pech in « Beauty and the Beast » ?;Een roos;Een tulp;Een anjer;Een narcis;Débutant;Hoewel niet vermeld in de film, wordt de jonge prins, wiens motto Vainc qui se vaincre is, Adam genoemd.;
2;nl;Wat verandert het weelderige rijtuig van Assepoester na middernacht in ?;In pompoen;In cake;Appel;In muis;Débutant;Assepoester is een jonge vrouw die onder het gezag staat van haar stiefmoeder, Lady Trémaine, en dat van haar twee halfzussen.;
3;nl;Welke Disney-prinses kun je « Fluitje horen zingen tijdens het werken » ?;Sneeuwwitje;Merida;Tiana;Pocahontas;Débutant;De versie gemaakt door Disney Studios verschilt enigszins van andere aanpassingen van het verhaal.;
4;nl;Hoeveel dwergen hebben Sneeuwwitje verwelkomd in hun huisje diep in het bos ?;Zeven;Zes;Vijf;Vier;Débutant;« Sneeuwwitje en de zeven dwergen » is de eerste animatiefilm van Disney.;https://nl.wikipedia.org/wiki/Sneeuwwitje_en_de_zeven_dwergen_(1937)
5;nl;Wie zingt « Op een dag komt mijn prins » in een Disney-tekenfilm ?;Sneeuwwitje;Assepoester;Alice;Jasmijn;Débutant;De film « Blanche-Neige » is een bewerking van het gelijknamige verhaal van de gebroeders Grimm uit 1812.;https://nl.wikipedia.org/wiki/Sneeuwwitje_en_de_zeven_dwergen_(1937)
6;nl;Hoe maakt Prince Charming Sneeuwwitje wakker ?;Door een kus;Door een klap;Door een hapje;Door een lied;Débutant;De bekendste versie van « Blanche-Neige » is die van Jacob en Wilhelm Grimm, gepubliceerd in 1812.;https://nl.wikipedia.org/wiki/Sneeuwwitje
7;nl;Welke beroemde prinses van het grote scherm is vergiftigd met een appel ?;Sneeuwwitje;Assepoester;Raponsje;Ariel;Débutant;Sneeuwwitje is een heel mooie prinses, waar haar stiefmoeder, de koningin, jaloers op wordt.;
8;nl;Welke Disney-heldin krijgt het recht om na middernacht bij het bal te blijven ?;Assepoester;Alice;Sneeuwwitje;Aurora;Débutant;Sommige versies van Assepoester kunnen erg van elkaar verschillen.;https://nl.wikipedia.org/wiki/Assepoester
9;nl;Hoe laat keren de kleren van Assepoester terug naar haar gebruikelijke vodden ?;Middernacht;Middag;Elf uur;Drie uur;Débutant;Het Westen kent vooral het verhaal van Assepoester door de versies van Charles Perrault.;https://nl.wikipedia.org/wiki/Assepoester
10;nl;Wie werd er door dwergen in een glazen kist gelegd en vervolgens gewekt door een prins ?;Sneeuwwitje;Assepoester;Esmeralda;Fiona;Débutant;Sneeuwwitje laat zien dat je niet gehecht moet raken aan kortstondige dingen als schoonheid en jeugd.;https://nl.wikipedia.org/wiki/Sneeuwwitje
11;nl;Welke kleur wordt vaak geassocieerd met Aurora in « Doornroosje » ?;Roos;Groen;Rood;Blauw;Confirmé;Het beroemde Princess Aurora Castle wordt in de Disneyland-parken gebruikt als een icoon van het Fantasyland-gebied.;
12;nl;Welke Disney-avonturen vinden plaats in Noord-China ?;« Mulan »;« Pocahontas »;« Raiponce »;« Rebelle »;Confirmé;Het karakter van Mulans personage verschilt van de Disney-klassiekers, vooral de prinsessen.;
13;nl;Welke Disney-prinses is een zeemeermin die bij haar vader, koning Triton, woont ?;Ariel;Jasmijn;Tiana;Merida;Confirmé;Gastheer Glen Keane zei naar verluidt in een gesprek dat het uiterlijk van het personage was gebaseerd op zijn eigen vrouw.;https://nl.wikipedia.org/wiki/Ariël_(Disney)
14;nl;Welke prinses zingt in de wereld van Disney « Deze blauwe droom » ?;Jasmijn;Ariel;Merida;Tiana;Confirmé;Jasmine is een fictief personage dat voor het eerst verscheen in 1992 in de animatiefilm « Aladdin ».;https://nl.wikipedia.org/wiki/Jasmine_(Disney)
15;nl;Welke Disney-prinses staat bekend om haar lange blonde haar ?;Raponsje;Merida;Tiana;Ariel;Confirmé;Als je een deel van Raponsje's haar knipt, wordt het bruin en verliest het zijn magische effecten.;https://nl.wikipedia.org/wiki/Rapunzel_(personage)
16;nl;Welke Disney-film bracht een arme dief en een mooie prinses samen op de schermen ?;« Aladdin »;« Pocahontas »;« Rebelle »;« Raiponce »;Confirmé;Jasmine's uiterlijk werd geïnspireerd door Jennifer Connelly, maar ook door de zus van de gastheer van het personage.;https://nl.wikipedia.org/wiki/Jasmine_(Disney)
17;nl;Wie maakte de eerste baljurk die Assepoester droeg ?;Muizen;Uilen;Kinderen;Heksen;Confirmé;Assepoester wordt zo genoemd omdat ze in de as rust nadat de klus is geklaard.;https://nl.wikipedia.org/wiki/Assepoester
18;nl;Wie is Meeko in « Pocahontas, een Indiase legende » ?;Een wasbeer;Een beer;Een vogel;Een wild zwijn;Confirmé;Disney gaf Pocahontas de kenmerken en het uiterlijk van planetair model Naomi Campbell.;
19;nl;Welke Disney-prinses verlaat haar pijl en boog bijna nooit ?;Merida;Tiana;Ariel;Jasmijn;Confirmé;Merida is de hoofdpersoon van de animatiefilm « Rebel », uitgebracht in 2012.;
20;nl;Welke eerste Afro-Amerikaanse prinses werd opgevoerd door Disney ?;Tiana;Aurora;Ariel;Jasmijn;Confirmé;Disney draait hier zijn beslissing om geen tweedimensionale films meer te maken terug.;https://nl.wikipedia.org/wiki/De_prinses_en_de_kikker
21;nl;Welke Disney-prinses is vakkundig getraind in vechtsporten ?;Mulan;Merida;Ariel;Tiana;Expert;Mulans moed, vastberadenheid en vindingrijkheid zullen haar helpen bij haar avonturen om het respect van anderen te verdienen.;
22;nl;Waar zoeken de zeven dwergen van Sneeuwwitje naar in hun mijn ?;Diamanten;Van schalie;Olie;Steenkool;Expert;In attractiepark de Efteling wonen de dwergen in het Sprookjesbos, naast het kasteel van zijn schoonmoeder.;https://nl.wikipedia.org/wiki/Sneeuwwitje
23;nl;Hoe oud zal de beroemde tekenfilm « Blanche-Neige » uit de Disney-studio's in 2037 zijn ?;100 jaar;75 jaar;50 jaar;125 jaar;Expert;Het productiebudget, $ 1,48 miljoen, markeert een recordhoogte voor die tijd.;https://nl.wikipedia.org/wiki/Sneeuwwitje_en_de_zeven_dwergen_(1937)
24;nl;Hoe heet de kat van Assepoester's schoonmoeder ?;Lucifer;Diabolo;Satan;Beëlzebub;Expert;Lucifer is de kat van Lady Trémaine: bedrieglijk en lui, hij vormt een bedreiging voor Jack.;https://nl.wikipedia.org/wiki/Assepoester
25;nl;In « Mulan », wat is de naam van de draak, de bewaker van de familie ?;Mushu;Yao;Shang;Generaal Li;Expert;Het is Eddie Murphy die de originele stem van Mushu speelt, terwijl de Franse stem wordt verzorgd door José Garcia.;https://nl.wikipedia.org/wiki/Mulan (1998)
26;nl;Voor Disney, wie is Rajah, het huisdier van prinses Jasmine ?;Een tijger;Een wasbeer;Een wild zwijn;Een vogel;Expert;Jasmine en Aladdin verschenen in een trailer uit 2002 voor de film « Lilo en Stitch ».;https://nl.wikipedia.org/wiki/Jasmine_(Disney)
27;nl;Welke dieren worden in « Assepoester » omgevormd tot werkpaarden ?;Muis;Ganzen;Schaap;Konijnen;Expert;De samenstelling van de pantoffels van Assepoester is een onderwerp van terugkerende discussie in Europa.;https://nl.wikipedia.org/wiki/Assepoester
28;nl;Van welk plastic is een paspop gebruikt om de belangrijkste kenmerken van Pocahontas te creëren ?;Naomi Campbell;Kelly Brook;Katie Price;Sienna Miller;Expert;Het karakter van Pocahontas is losjes geïnspireerd op het historische karakter Matoaka (kleine sneeuwveer).;https://nl.wikipedia.org/wiki/Pocahontas_(Disney)
29;nl;Welke Disney-prinses communiceert vrijuit met de natuur en dieren ?;Pocahontas;Mulan;Merida;Tiana;Expert;De schrijvers van de film hebben een ecologische, vastberaden en fysiek aantrekkelijke Pocahontas uitgevonden.;https://nl.wikipedia.org/wiki/Pocahontas_(Disney)
30;nl;Welke van deze prinsessen wordt heel vaak afgebeeld in haar goudgele baljurk ?;Mooi;Mulan;Tiana;Merida;Expert;Sinds 2011 is Belle een van de hoofdpersonen in de televisieserie « Once Upon a Time ».;https://nl.wikipedia.org/wiki/Belle_(Disney)
